company_key,company_name,priority,enabled,source_index,url,source_type,url_notes
9b22c7887fa4,中国检验认证集团山东有限公司,P0,true,1,https://sd.ccic.com/,official_or_unknown,官网优先；需在投递或启用监控前复核入口有效性
9b22c7887fa4,中国检验认证集团山东有限公司,P0,true,2,https://www.yunzhirencai.com/wap/index.php?a=show&c=article&id=8841,official_or_unknown,官网优先；需在投递或启用监控前复核入口有效性
bf9a83b01fcb,中检山东检测有限公司,P1,true,1,https://sd.ccic.com/,official_or_unknown,官网优先；需在投递或启用监控前复核入口有效性
7fc3a264c7de,青岛检验认证有限公司,P1,true,1,https://sd.ccic.com/,official_or_unknown,官网优先；需在投递或启用监控前复核入口有效性
9139eebac133,黄岛检验认证有限公司,P1,true,1,https://sd.ccic.com/,official_or_unknown,官网优先；需在投递或启用监控前复核入口有效性
79b220f52ce0,青岛中检纺织品检验有限公司,P2,false,1,https://sd.ccic.com/,official_or_unknown,官网优先；需在投递或启用监控前复核入口有效性
0eb862b553ce,中国检验认证集团山东检测有限公司,P3,false,1,https://www.ccicsd.com/,official_or_unknown,官网优先；需在投递或启用监控前复核入口有效性
0eb862b553ce,中国检验认证集团山东检测有限公司,P3,false,2,https://sd.ccic.com/,official_or_unknown,官网优先；需在投递或启用监控前复核入口有效性
e796312c9c43,山东中检校准技术有限公司,P3,false,1,https://sd.ccic.com/,official_or_unknown,官网优先；需在投递或启用监控前复核入口有效性
6bd88b5e6203,中车青岛四方车辆研究所有限公司,P0,true,1,https://www.crrcgc.cc/sfs/142_8690/142_8700/index.html,official_or_unknown,官网优先；需在投递或启用监控前复核入口有效性
6bd88b5e6203,中车青岛四方车辆研究所有限公司,P0,true,2,https://crrc-sfs.hotjob.cn/,official_recruitment,官网优先；需在投递或启用监控前复核入口有效性
81778d3a8cc4,中车制动系统有限公司/中车四方所制动业务,P2,false,1,https://crrc-sfs.hotjob.cn/,official_recruitment,官网优先；需在投递或启用监控前复核入口有效性
0f9756caa349,中车青岛四方机车车辆股份有限公司,P2,false,1,https://www.crrcgc.cc/sfgf/,official_or_unknown,官网优先；需在投递或启用监控前复核入口有效性
0f9756caa349,中车青岛四方机车车辆股份有限公司,P2,false,2,https://crrc-sfgf.hotjob.cn/,official_recruitment,官网优先；需在投递或启用监控前复核入口有效性
4e2afe064660,宸芯科技股份有限公司,P0,true,1,https://www.morningcore.com/,official_or_unknown,官网优先；需在投递或启用监控前复核入口有效性
831520e4c218,中国铁路济南局集团有限公司,P0,true,1,https://rczp.china-railway.com.cn/page/platform/company_index.html?parentId=378,official_or_unknown,官网优先；需在投递或启用监控前复核入口有效性
831520e4c218,中国铁路济南局集团有限公司,P0,true,2,https://rczp.china-railway.com.cn/,official_or_unknown,官网优先；需在投递或启用监控前复核入口有效性
72dab4a1c719,中国铁路济南局集团有限公司青岛机务段,P0,true,1,https://sd.lgwy.net/upload/default/20260523/c0777899a25df1440d9f1eefeb1da302.pdf,official_or_unknown,官网优先；需在投递或启用监控前复核入口有效性
72dab4a1c719,中国铁路济南局集团有限公司青岛机务段,P0,true,2,https://rczp.china-railway.com.cn/,official_or_unknown,官网优先；需在投递或启用监控前复核入口有效性
15e56b69e501,中国铁路济南局集团有限公司青岛动车段,P1,true,1,https://rczp.china-railway.com.cn/,official_or_unknown,官网优先；需在投递或启用监控前复核入口有效性
15e56b69e501,中国铁路济南局集团有限公司青岛动车段,P1,true,2,https://www.qcc.com/firm/fc02a110feb41cd49be684f4bb001a88.html,official_or_unknown,官网优先；需在投递或启用监控前复核入口有效性
9063954ed8dd,中国铁路济南局集团有限公司青岛电务段,P1,true,1,https://rczp.china-railway.com.cn/,official_or_unknown,官网优先；需在投递或启用监控前复核入口有效性
9063954ed8dd,中国铁路济南局集团有限公司青岛电务段,P1,true,2,https://railway.fandom.com/zh/wiki/%E6%B5%8E%E5%8D%97%E9%93%81%E8%B7%AF%E5%B1%80,official_or_unknown,官网优先；需在投递或启用监控前复核入口有效性
626a89ca231e,中国铁路济南局集团有限公司青岛站,P1,true,1,https://rczp.china-railway.com.cn/,official_or_unknown,官网优先；需在投递或启用监控前复核入口有效性
626a89ca231e,中国铁路济南局集团有限公司青岛站,P1,true,2,https://imgbdb4.bendibao.com/wfbdb/job/202511/17/20251117104103_23046.pdf,official_recruitment,官网优先；需在投递或启用监控前复核入口有效性
f50aa6767f83,中国铁路济南局集团有限公司青岛供电段,P2,false,1,https://www.nra.gov.cn/xxgk/gkml/jgfl/rss/202512/P020251226531120871472.pdf,government,官网优先；需在投递或启用监控前复核入口有效性
f50aa6767f83,中国铁路济南局集团有限公司青岛供电段,P2,false,2,https://rczp.china-railway.com.cn/,official_or_unknown,官网优先；需在投递或启用监控前复核入口有效性
09243acb6836,中国铁路济南局集团有限公司青岛车务段,P2,false,1,https://rczp.china-railway.com.cn/,official_or_unknown,官网优先；需在投递或启用监控前复核入口有效性
09243acb6836,中国铁路济南局集团有限公司青岛车务段,P2,false,2,https://m.qcc.com/firm/108ea7042fe52ce549d0a5d911fe12de.html,official_or_unknown,官网优先；需在投递或启用监控前复核入口有效性
528ae89a9a38,济南通信段青岛相关岗位/工区,P2,false,1,https://rczp.china-railway.com.cn/,official_or_unknown,官网优先；需在投递或启用监控前复核入口有效性
528ae89a9a38,济南通信段青岛相关岗位/工区,P2,false,2,https://railway.fandom.com/zh/wiki/%E6%B5%8E%E5%8D%97%E9%93%81%E8%B7%AF%E5%B1%80,official_or_unknown,官网优先；需在投递或启用监控前复核入口有效性
bc540619167d,青岛动车运用所,P2,false,1,https://rczp.china-railway.com.cn/,official_or_unknown,官网优先；需在投递或启用监控前复核入口有效性
bc540619167d,青岛动车运用所,P2,false,2,https://railway.fandom.com/zh/wiki/%E6%B5%8E%E5%8D%97%E9%93%81%E8%B7%AF%E5%B1%80,official_or_unknown,官网优先；需在投递或启用监控前复核入口有效性
9054c6eb2b3c,中国铁路济南局集团有限公司青岛客运段,P3,false,1,https://imgbdb4.bendibao.com/wfbdb/job/202511/17/20251117104103_23046.pdf,official_recruitment,官网优先；需在投递或启用监控前复核入口有效性
9054c6eb2b3c,中国铁路济南局集团有限公司青岛客运段,P3,false,2,https://railway.fandom.com/zh/wiki/%E6%B5%8E%E5%8D%97%E9%93%81%E8%B7%AF%E5%B1%80,official_or_unknown,官网优先；需在投递或启用监控前复核入口有效性
ea31d572b4a5,中国铁路济南局集团有限公司青岛工务段,P3,false,1,https://rczp.china-railway.com.cn/,official_or_unknown,官网优先；需在投递或启用监控前复核入口有效性
ea31d572b4a5,中国铁路济南局集团有限公司青岛工务段,P3,false,2,https://railway.fandom.com/zh/wiki/%E6%B5%8E%E5%8D%97%E9%93%81%E8%B7%AF%E5%B1%80,official_or_unknown,官网优先；需在投递或启用监控前复核入口有效性
51192b8b8042,中国铁路济南局集团有限公司青岛房产建筑生活段,P3,false,1,https://rczp.china-railway.com.cn/,official_or_unknown,官网优先；需在投递或启用监控前复核入口有效性
51192b8b8042,中国铁路济南局集团有限公司青岛房产建筑生活段,P3,false,2,https://railway.fandom.com/zh/wiki/%E6%B5%8E%E5%8D%97%E9%93%81%E8%B7%AF%E5%B1%80,official_or_unknown,官网优先；需在投递或启用监控前复核入口有效性
d776ba193785,中国铁路济南局集团有限公司青岛西车务段,P3,false,1,https://rczp.china-railway.com.cn/,official_or_unknown,官网优先；需在投递或启用监控前复核入口有效性
d776ba193785,中国铁路济南局集团有限公司青岛西车务段,P3,false,2,https://railway.fandom.com/zh/wiki/%E6%B5%8E%E5%8D%97%E9%93%81%E8%B7%AF%E5%B1%80,official_or_unknown,官网优先；需在投递或启用监控前复核入口有效性
0064cf56a23f,国新健康保障服务集团股份有限公司,P0,true,1,https://www.crhc.cn/,official_or_unknown,官网优先；需在投递或启用监控前复核入口有效性
075ca0025c00,山东中烟工业有限责任公司青岛卷烟厂,P0,true,1,https://yancao.henau.edu.cn/a/zhaoshengjiuye/jiuyexinxi/2026/0306/5485.html,official_or_unknown,官网优先；需在投递或启用监控前复核入口有效性
075ca0025c00,山东中烟工业有限责任公司青岛卷烟厂,P0,true,2,https://www.gaoxiaojob.com/announcement/detail/382751.html,official_recruitment,官网优先；需在投递或启用监控前复核入口有效性
0ae40428890f,青岛市烟草专卖局（有限公司）/山东青岛烟草有限公司,P0,true,1,https://jn.bendibao.com/job/202618/83722.shtm,official_recruitment,官网优先；需在投递或启用监控前复核入口有效性
0ae40428890f,青岛市烟草专卖局（有限公司）/山东青岛烟草有限公司,P0,true,2,https://minsheng.qingdaonews.com/content/2016-01/12/content_11440997.htm,official_or_unknown,官网优先；需在投递或启用监控前复核入口有效性
5e4e8459d5a7,青岛颐中科技有限公司,P1,true,1,https://www.xinpianbang.com/branding_275.html,official_or_unknown,官网优先；需在投递或启用监控前复核入口有效性
5e4e8459d5a7,青岛颐中科技有限公司,P1,true,2,https://www.gaoxiaojob.com/announcement/detail/382751.html,official_recruitment,官网优先；需在投递或启用监控前复核入口有效性
98afeaa6095b,颐中集团有限公司,P1,true,1,https://yancao.henau.edu.cn/a/zhaoshengjiuye/jiuyexinxi/2026/0306/5485.html,official_or_unknown,官网优先；需在投递或启用监控前复核入口有效性
98afeaa6095b,颐中集团有限公司,P1,true,2,https://www.gaoxiaojob.com/announcement/detail/382751.html,official_recruitment,官网优先；需在投递或启用监控前复核入口有效性
af2c64111044,颐中（青岛）烟草机械有限公司,P1,true,1,https://www.etmoc.com/userfirm/Supplier?Id=443,official_or_unknown,官网优先；需在投递或启用监控前复核入口有效性
af2c64111044,颐中（青岛）烟草机械有限公司,P1,true,2,https://www.gaoxiaojob.com/announcement/detail/382751.html,official_recruitment,官网优先；需在投递或启用监控前复核入口有效性
621b8b456eb3,青岛市烟草专卖局即墨区局（营销部/分公司）,P3,false,1,https://jn.bendibao.com/job/202618/83722.shtm,official_recruitment,官网优先；需在投递或启用监控前复核入口有效性
621b8b456eb3,青岛市烟草专卖局即墨区局（营销部/分公司）,P3,false,2,https://minsheng.qingdaonews.com/content/2016-01/12/content_11440997.htm,official_or_unknown,官网优先；需在投递或启用监控前复核入口有效性
ba7d8afed167,青岛市烟草专卖局城阳区局（营销部/分公司）,P3,false,1,https://www.gaoxiaojob.com/hotword/cvta809721,official_recruitment,官网优先；需在投递或启用监控前复核入口有效性
ba7d8afed167,青岛市烟草专卖局城阳区局（营销部/分公司）,P3,false,2,https://minsheng.qingdaonews.com/content/2016-01/12/content_11440997.htm,official_or_unknown,官网优先；需在投递或启用监控前复核入口有效性
2e3cb4a4df85,青岛市烟草专卖局崂山区局（营销部/分公司）,P3,false,1,https://jn.bendibao.com/job/202618/83722.shtm,official_recruitment,官网优先；需在投递或启用监控前复核入口有效性
2e3cb4a4df85,青岛市烟草专卖局崂山区局（营销部/分公司）,P3,false,2,https://minsheng.qingdaonews.com/content/2016-01/12/content_11440997.htm,official_or_unknown,官网优先；需在投递或启用监控前复核入口有效性
3bb2f7d6f9ae,青岛市烟草专卖局市北区局（营销部/分公司）,P3,false,1,https://jn.bendibao.com/job/202618/83722.shtm,official_recruitment,官网优先；需在投递或启用监控前复核入口有效性
3bb2f7d6f9ae,青岛市烟草专卖局市北区局（营销部/分公司）,P3,false,2,https://minsheng.qingdaonews.com/content/2016-01/12/content_11440997.htm,official_or_unknown,官网优先；需在投递或启用监控前复核入口有效性
3cc682f821e5,青岛市烟草专卖局市南区局（营销部/分公司）,P3,false,1,https://jn.bendibao.com/job/202618/83722.shtm,official_recruitment,官网优先；需在投递或启用监控前复核入口有效性
3cc682f821e5,青岛市烟草专卖局市南区局（营销部/分公司）,P3,false,2,https://minsheng.qingdaonews.com/content/2016-01/12/content_11440997.htm,official_or_unknown,官网优先；需在投递或启用监控前复核入口有效性
4f05ca8a3618,青岛市烟草专卖局平度市局（营销部/分公司）,P3,false,1,https://jn.bendibao.com/job/202618/83722.shtm,official_recruitment,官网优先；需在投递或启用监控前复核入口有效性
4f05ca8a3618,青岛市烟草专卖局平度市局（营销部/分公司）,P3,false,2,https://minsheng.qingdaonews.com/content/2016-01/12/content_11440997.htm,official_or_unknown,官网优先；需在投递或启用监控前复核入口有效性
82a82236c025,青岛市烟草专卖局李沧区局（营销部/分公司）,P3,false,1,https://jn.bendibao.com/job/202618/83722.shtm,official_recruitment,官网优先；需在投递或启用监控前复核入口有效性
82a82236c025,青岛市烟草专卖局李沧区局（营销部/分公司）,P3,false,2,https://minsheng.qingdaonews.com/content/2016-01/12/content_11440997.htm,official_or_unknown,官网优先；需在投递或启用监控前复核入口有效性
5447fd254afc,青岛市烟草专卖局胶州市局（营销部/分公司）,P3,false,1,https://jn.bendibao.com/job/202618/83722.shtm,official_recruitment,官网优先；需在投递或启用监控前复核入口有效性
5447fd254afc,青岛市烟草专卖局胶州市局（营销部/分公司）,P3,false,2,https://minsheng.qingdaonews.com/content/2016-01/12/content_11440997.htm,official_or_unknown,官网优先；需在投递或启用监控前复核入口有效性
8e6d6396a77f,青岛市烟草专卖局莱西市局（营销部/分公司）,P3,false,1,https://jn.bendibao.com/job/202618/83722.shtm,official_recruitment,官网优先；需在投递或启用监控前复核入口有效性
8e6d6396a77f,青岛市烟草专卖局莱西市局（营销部/分公司）,P3,false,2,https://minsheng.qingdaonews.com/content/2016-01/12/content_11440997.htm,official_or_unknown,官网优先；需在投递或启用监控前复核入口有效性
c069ef815c0c,青岛市烟草专卖局黄岛区局（营销部/分公司）,P3,false,1,https://jn.bendibao.com/job/202618/83722.shtm,official_recruitment,官网优先；需在投递或启用监控前复核入口有效性
c069ef815c0c,青岛市烟草专卖局黄岛区局（营销部/分公司）,P3,false,2,https://minsheng.qingdaonews.com/content/2016-01/12/content_11440997.htm,official_or_unknown,官网优先；需在投递或启用监控前复核入口有效性
839214918cfb,中国电信集团系统集成有限责任公司山东分公司,P0,true,1,https://ideal.51job.com/sddx2022/,commercial_platform,官网优先；需在投递或启用监控前复核入口有效性
839214918cfb,中国电信集团系统集成有限责任公司山东分公司,P0,true,2,https://ggzy.qingdao.gov.cn/PortalQDManage/ShareResources/CorpEmps?corpCode=913701006781330187&corpGuid=a05ff31f-f21e-4185-8e1e-827e853de82c,government,官网优先；需在投递或启用监控前复核入口有效性
a84c0d95c80f,中国电信青岛分公司,P0,true,1,https://www.chinatelecom.com.cn/,official_or_unknown,官网优先；需在投递或启用监控前复核入口有效性
17648cf0c10b,中电信数智科技有限公司山东分公司,P0,true,1,https://www.chinatelecom.com.cn/ct/zp/165897.html,official_or_unknown,官网优先；需在投递或启用监控前复核入口有效性
17648cf0c10b,中电信数智科技有限公司山东分公司,P0,true,2,https://m.liepin.com/company/8042255/,commercial_platform,官网优先；需在投递或启用监控前复核入口有效性
257161c883d4,中国电信股份有限公司网络安全产品运营中心,P1,true,1,https://www.chinatelecom.com.cn/zp/,official_or_unknown,官网优先；需在投递或启用监控前复核入口有效性
257161c883d4,中国电信股份有限公司网络安全产品运营中心,P1,true,2,https://m.zhipin.com/companys/9c439c9de048fa4a0H172tS5.html,official_or_unknown,官网优先；需在投递或启用监控前复核入口有效性
5b569a667a9d,天翼云科技有限公司山东/青岛业务线索,P1,true,1,https://www.chinatelecom.com.cn/ct/zp/155613.html,official_or_unknown,官网优先；需在投递或启用监控前复核入口有效性
5b569a667a9d,天翼云科技有限公司山东/青岛业务线索,P1,true,2,https://ctyun.hotjob.cn/,official_recruitment,官网优先；需在投递或启用监控前复核入口有效性
6585324f9711,山东电力建设第三工程有限公司,P0,true,1,https://www.powerchina.cn/,official_or_unknown,官网优先；需在投递或启用监控前复核入口有效性
53726e8d47c0,青岛颐杰鸿利科技有限公司,P0,true,1,https://www.zhaopin.com/companydetail/CZ190489520.htm,commercial_platform,官网优先；需在投递或启用监控前复核入口有效性
53726e8d47c0,青岛颐杰鸿利科技有限公司,P0,true,2,https://sepco3.powerchina.cn/col16690/art/2024/art_16690_2044768.html,official_or_unknown,官网优先；需在投递或启用监控前复核入口有效性
790a2e92e65e,青岛鸿利软件有限公司,P1,true,1,https://www.zhaopin.com/companydetail/CZ190489520.htm,commercial_platform,官网优先；需在投递或启用监控前复核入口有效性
8ec153be9ad4,中国电建集团核电工程有限公司青岛分公司,P3,false,1,https://www.powerchina.cn/,official_or_unknown,官网优先；需在投递或启用监控前复核入口有效性
b38d727155a5,水电三局青岛分公司,P3,false,1,https://www.powerchina.cn/,official_or_unknown,官网优先；需在投递或启用监控前复核入口有效性
636bef3cd35f,中国电子科技集团有限公司第四十、四十一研究所青岛业务,P0,true,1,https://www.gaoxiaojob.com/announcement/detail/369313.html,official_recruitment,官网优先；需在投递或启用监控前复核入口有效性
636bef3cd35f,中国电子科技集团有限公司第四十、四十一研究所青岛业务,P0,true,2,https://fenbi.com/page/fenxiaozhaokaodetail/4/0/466603060257792,official_or_unknown,官网优先；需在投递或启用监控前复核入口有效性
8598b70e91ab,中电科思仪科技股份有限公司,P0,true,1,https://www.ceyear.com/,official_or_unknown,官网优先；需在投递或启用监控前复核入口有效性
8598b70e91ab,中电科思仪科技股份有限公司,P0,true,2,https://www.iguopin.com/company?id=10685375636694712,public_platform,官网优先；需在投递或启用监控前复核入口有效性
11fd11b6157b,青岛杰瑞工控技术有限公司,P0,true,1,https://www.cssc.net.cn/,official_or_unknown,官网优先；需在投递或启用监控前复核入口有效性
0d5a1ed12adc,中国电科第二十二研究所青岛本部,P1,true,1,https://www.cetc.com.cn/,official_or_unknown,官网优先；需在投递或启用监控前复核入口有效性
dbf1fbcc2c1f,中电科（青岛）电波技术有限公司,P1,true,1,https://www.cetc.com.cn/,official_or_unknown,官网优先；需在投递或启用监控前复核入口有效性
80682602864c,中国电波传播研究所青岛分所/中国电科22所青岛分所,P2,false,1,https://companyadc.51job.com/companyads/2022/bj/36176916/index.htm,commercial_platform,官网优先；需在投递或启用监控前复核入口有效性
80682602864c,中国电波传播研究所青岛分所/中国电科22所青岛分所,P2,false,2,https://m.zhipin.com/companys/c7b229cbfddab0231nBz3dS0FFU~.html,official_or_unknown,官网优先；需在投递或启用监控前复核入口有效性
5f514f0b3991,中电科青岛产业园,P2,false,1,https://www.cetc.com.cn/,official_or_unknown,官网优先；需在投递或启用监控前复核入口有效性
96bd19dd0325,中国移动山东有限公司青岛分公司,P0,true,1,https://www.10086.cn/,official_or_unknown,官网优先；需在投递或启用监控前复核入口有效性
5176d03b1a3e,中国移动通信集团山东有限公司青岛分公司,P0,true,1,https://career.nankai.edu.cn/company/index/sxid/147/id/14869.html,official_recruitment,官网优先；需在投递或启用监控前复核入口有效性
5176d03b1a3e,中国移动通信集团山东有限公司青岛分公司,P0,true,2,https://job.10086.cn/,official_recruitment,官网优先；需在投递或启用监控前复核入口有效性
88c5f9f83e67,中移建设有限公司山东分公司/青岛项目线索,P2,false,1,https://xyzp.51job.com/gdtt,commercial_platform,官网优先；需在投递或启用监控前复核入口有效性
88c5f9f83e67,中移建设有限公司山东分公司/青岛项目线索,P2,false,2,https://job.10086.cn/,official_recruitment,官网优先；需在投递或启用监控前复核入口有效性
45cecebc42c1,中移铁通有限公司山东分公司,P2,false,1,https://campus.51job.com/tietong,commercial_platform,官网优先；需在投递或启用监控前复核入口有效性
45cecebc42c1,中移铁通有限公司山东分公司,P2,false,2,https://www.iguopin.com/company?id=10685308900051460,public_platform,官网优先；需在投递或启用监控前复核入口有效性
dd7ed06b5e77,中移铁通有限公司青岛分公司,P4,false,1,https://campus.51job.com/tietong,commercial_platform,官网优先；需在投递或启用监控前复核入口有效性
dd7ed06b5e77,中移铁通有限公司青岛分公司,P4,false,2,https://m.zhipin.com/companys/9c51b7207804c4a303R-2t60E1Y~.html,official_or_unknown,官网优先；需在投递或启用监控前复核入口有效性
3178010a665a,中国联合网络通信有限公司青岛市分公司,P0,true,1,https://job.hdu.edu.cn/campus/view?id=9050,official_recruitment,官网优先；需在投递或启用监控前复核入口有效性
3178010a665a,中国联合网络通信有限公司青岛市分公司,P0,true,2,https://zglt.iguopin.com/job,public_platform,官网优先；需在投递或启用监控前复核入口有效性
c047a089d11f,中国联通青岛市分公司,P0,true,1,https://www.chinaunicom.com.cn/,official_or_unknown,官网优先；需在投递或启用监控前复核入口有效性
9cd8ed7ebd2b,联通数字科技有限公司山东省分公司,P0,true,1,https://cudt.zhiye.com/campus,official_recruitment,官网优先；需在投递或启用监控前复核入口有效性
9cd8ed7ebd2b,联通数字科技有限公司山东省分公司,P0,true,2,https://m.zhipin.com/companys/014ad98eb60ef7771HBz3d27GFc~.html,official_or_unknown,官网优先；需在投递或启用监控前复核入口有效性
fb99e03ae58f,联通数字科技有限公司山东省分公司等保测评中心,P0,true,1,https://www.51dns.com/dengbao/133.html,official_or_unknown,官网优先；需在投递或启用监控前复核入口有效性
fb99e03ae58f,联通数字科技有限公司山东省分公司等保测评中心,P0,true,2,https://cudt.zhiye.com/campus,official_recruitment,官网优先；需在投递或启用监控前复核入口有效性
7918e1a8da7c,青岛民航凯亚系统集成有限公司,P0,true,1,https://www.travelskyir.com/,official_or_unknown,官网优先；需在投递或启用监控前复核入口有效性
7918e1a8da7c,青岛民航凯亚系统集成有限公司,P0,true,2,https://www.iguopin.com/company?id=10685386325134453,public_platform,官网优先；需在投递或启用监控前复核入口有效性
206aa0203a43,中国船舶集团青岛北海造船有限公司,P0,true,1,https://www.cssc.net.cn/,official_or_unknown,官网优先；需在投递或启用监控前复核入口有效性
81407231c68e,中船船舶设计研究中心有限公司,P0,true,1,https://www.cssc.net.cn/,official_or_unknown,官网优先；需在投递或启用监控前复核入口有效性
3c2f85c543af,青岛双瑞海洋环境工程股份有限公司,P1,true,1,https://www.cssc.net.cn/,official_or_unknown,官网优先；需在投递或启用监控前复核入口有效性
eadf5c7f4b40,中国船级社青岛分社,P2,false,1,https://www.ccs.org.cn/ccswz/contact?columnid=202006031013151326,official_or_unknown,官网优先；需在投递或启用监控前复核入口有效性
eadf5c7f4b40,中国船级社青岛分社,P2,false,2,https://www.ccs.org.cn/ccswz/gotoRecruit?columnid=202508250398118848,official_recruitment,官网优先；需在投递或启用监控前复核入口有效性
d2383f663ec2,中国船舶集团渤海造船有限公司青岛分公司,P2,false,1,https://www.cssc.net.cn/,official_or_unknown,官网优先；需在投递或启用监控前复核入口有效性
be30030821fa,山东省信息产业服务有限公司,P0,true,1,https://www.iguopin.com/company?id=57313020803547283,public_platform,官网优先；需在投递或启用监控前复核入口有效性
c3ba30083ec5,中通服咨询设计研究院有限公司山东/青岛项目线索,P2,false,1,https://cicdi2026.zhaopin.com/index.html,commercial_platform,官网优先；需在投递或启用监控前复核入口有效性
2e0798b68201,山东省邮电工程有限公司,P2,false,1,https://www.zjbc.edu.cn/dae/2017/0202/c283a16615/page.htm,official_or_unknown,官网优先；需在投递或启用监控前复核入口有效性
2e0798b68201,山东省邮电工程有限公司,P2,false,2,https://m.liepin.com/company/9115675/,commercial_platform,官网优先；需在投递或启用监控前复核入口有效性
de80c3d07df8,中国邮政储蓄银行青岛分行,P0,true,1,https://www.psbc.com/cn/fhpd/jhdls/qdfh/zxgg_1298/index_5.html,official_or_unknown,官网优先；需在投递或启用监控前复核入口有效性
de80c3d07df8,中国邮政储蓄银行青岛分行,P0,true,2,https://jobcareer.sdu.edu.cn/eweb/jygl/index.so?id=X59Mq8NCLppyL1UBgAnkwJ&modcode=jygl_zpxxck&subsyscode=zpfw&type=ssoViewZpxx,official_recruitment,官网优先；需在投递或启用监控前复核入口有效性
224d96dd5a38,中国邮政集团有限公司青岛市分公司,P0,true,1,https://www.chinapost.com.cn/cn/report/2606/4026-1.htm,official_or_unknown,官网优先；需在投递或启用监控前复核入口有效性
224d96dd5a38,中国邮政集团有限公司青岛市分公司,P0,true,2,https://jobcareer.sdu.edu.cn/eweb/jygl/index.so?id=X59Mq8NCLppyL1UBgAnkwJ&modcode=jygl_zpxxck&subsyscode=zpfw&type=ssoViewZpxx,official_recruitment,官网优先；需在投递或启用监控前复核入口有效性
4e860b9ae81c,中国邮政速递物流股份有限公司青岛市分公司,P1,true,1,https://www.chinapost.com.cn/,official_or_unknown,官网优先；需在投递或启用监控前复核入口有效性
4e860b9ae81c,中国邮政速递物流股份有限公司青岛市分公司,P1,true,2,https://m.zhipin.com/companys/b335bc8af3ae1f1b1Xx92N-6GFo~.html,official_or_unknown,官网优先；需在投递或启用监控前复核入口有效性
e232323eb196,中国邮政速递物流有限公司山东省国际快递分公司青岛口岸,P2,false,1,https://www.chinapost.com.cn/html1/report/2411/6216-1.htm,official_or_unknown,官网优先；需在投递或启用监控前复核入口有效性
e232323eb196,中国邮政速递物流有限公司山东省国际快递分公司青岛口岸,P2,false,2,https://www.chinapost.com.cn/,official_or_unknown,官网优先；需在投递或启用监控前复核入口有效性
7026ee9cb5f3,中邮证券有限责任公司青岛分公司,P2,false,1,https://cnpsec.com/main/aboutUs/companyProfile/outlets/branchinfo/77/index.shtml,official_or_unknown,官网优先；需在投递或启用监控前复核入口有效性
0eb8fa82a85a,中国邮政集团有限公司青岛市分公司区市分公司体系,P3,false,1,https://sd.huatu.com/2024/0301/1502603.html,official_or_unknown,官网优先；需在投递或启用监控前复核入口有效性
0eb8fa82a85a,中国邮政集团有限公司青岛市分公司区市分公司体系,P3,false,2,https://jobcareer.sdu.edu.cn/eweb/jygl/index.so?id=X59Mq8NCLppyL1UBgAnkwJ&modcode=jygl_zpxxck&subsyscode=zpfw&type=ssoViewZpxx,official_recruitment,官网优先；需在投递或启用监控前复核入口有效性
873d0f700585,中国邮政速递物流股份有限公司青岛市分公司山东路营业厅,P4,false,1,https://www.chinapost.com.cn/,official_or_unknown,官网优先；需在投递或启用监控前复核入口有效性
873d0f700585,中国邮政速递物流股份有限公司青岛市分公司山东路营业厅,P4,false,2,https://m.zhipin.com/companys/b335bc8af3ae1f1b1Xx92N-6GFo~.html,official_or_unknown,官网优先；需在投递或启用监控前复核入口有效性
638c0898fa54,中国邮政速递物流股份有限公司青岛市分公司胶东机场邮件集散中心,P4,false,1,https://m.zhaopin.com/company/9137KU0M41DUINDOKF.htm,commercial_platform,官网优先；需在投递或启用监控前复核入口有效性
638c0898fa54,中国邮政速递物流股份有限公司青岛市分公司胶东机场邮件集散中心,P4,false,2,https://www.chinapost.com.cn/,official_or_unknown,官网优先；需在投递或启用监控前复核入口有效性
ac66c5e69124,中邮人寿保险股份有限公司山东分公司青岛业务线索,P4,false,1,https://www.yingjiesheng.com/industry_wkyjc644cv.html,official_or_unknown,官网优先；需在投递或启用监控前复核入口有效性
d1aea9d739c5,中国铁塔股份有限公司山东省分公司,P0,true,1,https://www.china-tower.com/,official_or_unknown,官网优先；需在投递或启用监控前复核入口有效性
d1aea9d739c5,中国铁塔股份有限公司山东省分公司,P0,true,2,https://zhaopin.chinatowercom.cn/,official_recruitment,官网优先；需在投递或启用监控前复核入口有效性
7022cc4d21cd,中国铁塔股份有限公司青岛市分公司,P0,true,1,https://zhaopin.chinatowercom.cn/,official_recruitment,官网优先；需在投递或启用监控前复核入口有效性
7022cc4d21cd,中国铁塔股份有限公司青岛市分公司,P0,true,2,https://www.eoffcn.com/kszx/detail/1871451.html,official_or_unknown,官网优先；需在投递或启用监控前复核入口有效性
421d179ca203,铁塔智联技术有限公司山东/青岛业务线索,P1,true,1,https://www.china-tower.com/Index/lists/catid/33.html,official_or_unknown,官网优先；需在投递或启用监控前复核入口有效性
421d179ca203,铁塔智联技术有限公司山东/青岛业务线索,P1,true,2,https://zhaopin.chinatowercom.cn/,official_recruitment,官网优先；需在投递或启用监控前复核入口有效性
6271514a63f2,铁塔能源有限公司山东分公司,P1,true,1,https://ebid.chinatowercom.cn/zgtt/gggs/003003/20250403/49204fe0-036b-4e38-8e99-cc24e8221916.html,official_or_unknown,官网优先；需在投递或启用监控前复核入口有效性
6271514a63f2,铁塔能源有限公司山东分公司,P1,true,2,https://zhaopin.chinatowercom.cn/,official_recruitment,官网优先；需在投递或启用监控前复核入口有效性
35a5a620dd34,山东铁塔能源青岛分公司,P2,false,1,https://zhaopin.chinatowercom.cn/,official_recruitment,官网优先；需在投递或启用监控前复核入口有效性
35a5a620dd34,山东铁塔能源青岛分公司,P2,false,2,https://sd.people.com.cn/n2/2020/1112/c397271-34411234.html,official_or_unknown,官网优先；需在投递或启用监控前复核入口有效性
b4d0a408cf96,中国农业银行青岛市分行,P0,true,1,https://www.abchina.com/cn/branch/tao/,official_or_unknown,官网优先；需在投递或启用监控前复核入口有效性
b4d0a408cf96,中国农业银行青岛市分行,P0,true,2,https://career.abchina.com.cn/,official_recruitment,官网优先；需在投递或启用监控前复核入口有效性
2a614661907b,中国工商银行青岛市分行,P0,true,1,https://www.china-agrore.com/data/admin/file/2021-11-26/61a095b4b8e4d.pdf,official_or_unknown,官网优先；需在投递或启用监控前复核入口有效性
2a614661907b,中国工商银行青岛市分行,P0,true,2,https://job.icbc.com.cn/pc/,official_recruitment,官网优先；需在投递或启用监控前复核入口有效性
b7c7d878757b,中国建设银行青岛市分行,P0,true,1,https://ccb.com/cn/job/announcement.html?annoId=20250908105832509842,official_recruitment,官网优先；需在投递或启用监控前复核入口有效性
b7c7d878757b,中国建设银行青岛市分行,P0,true,2,https://job.ccb.com/,official_recruitment,官网优先；需在投递或启用监控前复核入口有效性
53d7de4160b1,中国进出口银行山东省分行,P0,true,1,https://www.eximbank.gov.cn/aboutExim/organization/branch/sdsfh/,government,官网优先；需在投递或启用监控前复核入口有效性
53d7de4160b1,中国进出口银行山东省分行,P0,true,2,https://www.eximbank.gov.cn/info/notice/recruit/202510/t20251029_70302.html,government,官网优先；需在投递或启用监控前复核入口有效性
76b14f037e6c,中国银行青岛市分行,P0,true,1,https://www.bankofchina.com/sourcedb/operations2021/406/608/610/index_124.htm,official_or_unknown,官网优先；需在投递或启用监控前复核入口有效性
76b14f037e6c,中国银行青岛市分行,P0,true,2,https://www.boc.cn/aboutboc/bi4/,official_or_unknown,官网优先；需在投递或启用监控前复核入口有效性
7a4ec8591a72,交通银行青岛分行,P0,true,1,https://www.bankcomm.com/BankCommSite/shtml/jyjr/cn/7804/2600473/2600492/list_1.shtml,official_or_unknown,官网优先；需在投递或启用监控前复核入口有效性
7a4ec8591a72,交通银行青岛分行,P0,true,2,https://job.bankcomm.com,official_recruitment,官网优先；需在投递或启用监控前复核入口有效性
df3cee6c1cac,国家开发银行青岛市分行,P0,true,1,https://www.china-agrore.com/data/admin/file/2021-11-26/61a095b4b8e4d.pdf,official_or_unknown,官网优先；需在投递或启用监控前复核入口有效性
df3cee6c1cac,国家开发银行青岛市分行,P0,true,2,https://www.cdb.com.cn/xwzx/xxgg/zpgg/,official_or_unknown,官网优先；需在投递或启用监控前复核入口有效性
1656880c8788,中国农业发展银行青岛市分行,P1,true,1,https://www.adbc.com.cn/n6/n23/c41196/content.html,official_or_unknown,官网优先；需在投递或启用监控前复核入口有效性
1656880c8788,中国农业发展银行青岛市分行,P1,true,2,https://www.adbc.com.cn/n354735/n355043/index.html,official_or_unknown,官网优先；需在投递或启用监控前复核入口有效性
cee7968f1a23,中国石化青岛炼油化工有限责任公司,P0,true,1,https://www.sinopec.com/,official_or_unknown,官网优先；需在投递或启用监控前复核入口有效性
fc04f793f789,中石化安全工程研究院有限公司,P0,true,1,https://rise.sinopec.com/,official_or_unknown,官网优先；需在投递或启用监控前复核入口有效性
f0e729dccd2d,中石化经纬有限公司,P0,true,1,https://www.sinopec.com/,official_or_unknown,官网优先；需在投递或启用监控前复核入口有效性
90005c740000,中国石化青岛石油化工有限责任公司,P1,true,1,https://www.sinopec.com/,official_or_unknown,官网优先；需在投递或启用监控前复核入口有效性
efddd054360f,中石化第十建设有限公司/青岛相关主体,P3,false,1,https://www.sinopec.com/,official_or_unknown,官网优先；需在投递或启用监控前复核入口有效性
a0608822cafe,中路财产保险股份有限公司,P0,true,1,https://www.zhlic.com.cn/,official_or_unknown,官网优先；需在投递或启用监控前复核入口有效性
a0608822cafe,中路财产保险股份有限公司,P0,true,2,https://www.iguopin.com/company?id=10685396278051789,public_platform,官网优先；需在投递或启用监控前复核入口有效性
e0cd1a8ebf20,国网山东省电力公司青岛供电公司,P0,true,1,https://zhaopin.sgcc.com.cn/,official_recruitment,官网优先；需在投递或启用监控前复核入口有效性
e0cd1a8ebf20,国网山东省电力公司青岛供电公司,P0,true,2,https://zhaopin.sgcc.com.cn/sgcchr/static/unitInfo.html?level=3&obj_id=10564810,official_recruitment,官网优先；需在投递或启用监控前复核入口有效性
d65de63908c6,国网山东省电力公司信息通信公司,P1,true,1,https://zhaopin.sgcc.com.cn/sgcchr/static/unitInfo.html?level=3&obj_id=10567436,official_recruitment,官网优先；需在投递或启用监控前复核入口有效性
d65de63908c6,国网山东省电力公司信息通信公司,P1,true,2,https://zhaopin.sgcc.com.cn/,official_recruitment,官网优先；需在投递或启用监控前复核入口有效性
6c76eb334b29,国网综合能源服务集团山东/青岛业务线索,P2,false,1,https://zhaopin.sgcc.com.cn/sgcchr/static/unitPart.html?id=fd3273d483e6437a9d5d3795e59be68f&obj_id=10749000,official_recruitment,官网优先；需在投递或启用监控前复核入口有效性
6c76eb334b29,国网综合能源服务集团山东/青岛业务线索,P2,false,2,https://zhaopin.sgcc.com.cn/,official_recruitment,官网优先；需在投递或启用监控前复核入口有效性
ef59b11d106b,山东港口科技集团有限公司,P0,true,1,https://www.sd-port.com/businessSector/2020-03-24/427153188446011392.html,official_or_unknown,官网优先；需在投递或启用监控前复核入口有效性
ef59b11d106b,山东港口科技集团有限公司,P0,true,2,https://job.ncepu.edu.cn/zpgg/64325f3b832740d48485854541dc85a4.htm,official_recruitment,官网优先；需在投递或启用监控前复核入口有效性
813d644d37ae,山东港口科技集团青岛有限公司,P0,true,1,https://apps.apple.com/us/developer/%E5%B1%B1%E4%B8%9C%E6%B8%AF%E5%8F%A3%E7%A7%91%E6%8A%80%E9%9B%86%E5%9B%A2%E9%9D%92%E5%B2%9B%E6%9C%89%E9%99%90%E5%85%AC%E5%8F%B8/id1671730278,official_or_unknown,官网优先；需在投递或启用监控前复核入口有效性
813d644d37ae,山东港口科技集团青岛有限公司,P0,true,2,https://m.qcc.com/firm/1e7bb841178f06aafc1b187b696ee9a6.html,official_or_unknown,官网优先；需在投递或启用监控前复核入口有效性
65a141e9d558,青岛港集团有限公司,P0,true,1,https://www.qingdao-port.com/,official_or_unknown,官网优先；需在投递或启用监控前复核入口有效性
ab6bfaf92053,山东港口青岛港集团有限公司智慧港口/AI中试基地线索,P1,true,1,https://www.zgsyb.com/news.html?aid=737366,official_or_unknown,官网优先；需在投递或启用监控前复核入口有效性
ab6bfaf92053,山东港口青岛港集团有限公司智慧港口/AI中试基地线索,P1,true,2,https://www.sd-port.com/talentDemandPage/2024-04-07/961632310975791104.html,official_or_unknown,官网优先；需在投递或启用监控前复核入口有效性
6e86158da1ef,山东省港口集团有限公司,P0,true,1,https://www.sd-port.com/,official_or_unknown,官网优先；需在投递或启用监控前复核入口有效性
1a9e3c6030e5,山东陆海服务发展集团有限公司,P1,true,1,https://www.sd-port.com/,official_or_unknown,官网优先；需在投递或启用监控前复核入口有效性
cabb6cdb86e1,山东高速青岛发展有限公司,P0,true,1,https://www.sdhsg.com/,official_or_unknown,官网优先；需在投递或启用监控前复核入口有效性
edc29b6eec95,山东高速青岛公路/建设管理/产业投资/基金线索,P2,false,1,https://www.sdhsg.com/,official_or_unknown,官网优先；需在投递或启用监控前复核入口有效性
7f519ffcde39,浪潮（青岛）科技集团有限公司,P0,true,1,https://www.inspur.com/,official_or_unknown,官网优先；需在投递或启用监控前复核入口有效性
ab90f73f3e71,山东浪潮智慧海洋科技有限公司,P1,true,1,https://www.inspur.com/,official_or_unknown,官网优先；需在投递或启用监控前复核入口有效性
bfe5c2422b23,浪潮人工智能产业技术研究院青岛线索,P1,true,1,https://www.inspur.com/,official_or_unknown,官网优先；需在投递或启用监控前复核入口有效性
e9e440165b11,浪潮青岛大数据产业园,P1,true,1,https://www.inspur.com/,official_or_unknown,官网优先；需在投递或启用监控前复核入口有效性
9e2710766509,青岛上合控股发展集团有限公司,P0,true,1,https://www.cls.cn/detail/2198494,official_or_unknown,官网优先；需在投递或启用监控前复核入口有效性
9e2710766509,青岛上合控股发展集团有限公司,P0,true,2,https://static.sse.com.cn/bond/bridge2/disclosure/announcement/c/202403/039529_20240306_P5VP.pdf,official_or_unknown,官网优先；需在投递或启用监控前复核入口有效性
205a5b075d00,上合建发产业投资发展（青岛）有限公司,P2,false,1,https://www.lhratings.com/reports/B010587-P66709-2022-GZ2024.pdf,official_or_unknown,官网优先；需在投递或启用监控前复核入口有效性
233bf00fda74,山东胶东航空城投资有限公司,P2,false,1,https://www.lhratings.com/reports/B010587-P66709-2022-GZ2024.pdf,official_or_unknown,官网优先；需在投递或启用监控前复核入口有效性
2fa2a84323e8,青岛少海发展集团有限公司,P2,false,1,https://www.lhratings.com/reports/B010587-P66709-2022-GZ2024.pdf,official_or_unknown,官网优先；需在投递或启用监控前复核入口有效性
083bd4f39f09,青岛胶州城市发展投资有限公司,P2,false,1,https://static.sse.com.cn/disclosure/bond/announcement/corporate/c/new/2025-06-24/152937_20250624_0FZI.pdf,official_or_unknown,官网优先；需在投递或启用监控前复核入口有效性
083bd4f39f09,青岛胶州城市发展投资有限公司,P2,false,2,https://www.eoffcn.com/kszx/detail/1206457.html,official_or_unknown,官网优先；需在投递或启用监控前复核入口有效性
2f571dc3e76f,青岛胶州湾发展集团有限公司,P2,false,1,https://www.lhratings.com/reports/B010587-P66709-2022-GZ2024.pdf,official_or_unknown,官网优先；需在投递或启用监控前复核入口有效性
c10f6bc1389c,青岛上合国大产业控股有限公司,P3,false,1,https://m.thepaper.cn/newsDetail_forward_33315200,official_or_unknown,官网优先；需在投递或启用监控前复核入口有效性
e0789df6d3b1,青岛上控国大投资运营有限公司,P3,false,1,https://www.sd.chinanews.com.cn/2/2025/0806/95551.html,official_or_unknown,官网优先；需在投递或启用监控前复核入口有效性
6bfd006c0967,青岛西海岸新区区属国有企业公开招聘平台,P0,true,1,https://qzpta39.chinasyks.org.cn/cn_xha/xha.html,official_or_unknown,官网优先；需在投递或启用监控前复核入口有效性
8e37ea75d2f6,青岛西海岸新区科技创新投资有限公司,P2,false,1,https://www.cnqxhk.com/,official_or_unknown,官网优先；需在投递或启用监控前复核入口有效性
8e37ea75d2f6,青岛西海岸新区科技创新投资有限公司,P2,false,2,https://qzpta39.chinasyks.org.cn/cn_xha/xha.html,official_or_unknown,官网优先；需在投递或启用监控前复核入口有效性
9a21ec6ab961,青岛市黄岛区人力资源有限公司,P1,true,1,https://www.bianzhia.com/zt/gqqingdao/,official_or_unknown,官网优先；需在投递或启用监控前复核入口有效性
a8f8d35f470e,青岛新泊控股集团有限公司,P1,true,1,https://www.bianzhia.com/zt/gqqingdao/index_2.html,official_or_unknown,官网优先；需在投递或启用监控前复核入口有效性
d745f52f5b26,青岛农村商业银行股份有限公司,P0,true,1,https://www.qrcb.com.cn/eportal/ui,official_or_unknown,官网优先；需在投递或启用监控前复核入口有效性
d745f52f5b26,青岛农村商业银行股份有限公司,P0,true,2,https://www.sdnxs.com/sdnxs/374292/374295/374299/index.html,official_or_unknown,官网优先；需在投递或启用监控前复核入口有效性
85ab199259c8,海信视像科技股份有限公司,P0,true,1,https://m.cls.cn/detail/505950,official_or_unknown,官网优先；需在投递或启用监控前复核入口有效性
85ab199259c8,海信视像科技股份有限公司,P0,true,2,https://www.dailyqd.com/finance/2021-01/10/content_533884.htm,official_or_unknown,官网优先；需在投递或启用监控前复核入口有效性
236fd14ba3a3,海信集团有限公司,P0,true,1,https://m.cls.cn/detail/505950,official_or_unknown,官网优先；需在投递或启用监控前复核入口有效性
236fd14ba3a3,海信集团有限公司,P0,true,2,https://www.dailyqd.com/finance/2021-01/10/content_533884.htm,official_or_unknown,官网优先；需在投递或启用监控前复核入口有效性
31cfff124892,青岛华通国有资本投资运营集团有限公司,P0,true,1,https://www.qdhuatong.com/,official_or_unknown,官网优先；需在投递或启用监控前复核入口有效性
c37d66b37832,青岛城市大数据运营有限公司,P0,true,1,https://www.yunzhirencai.com/wap/c_article-a_show-id_9249.html,official_or_unknown,官网优先；需在投递或启用监控前复核入口有效性
17d5695b7914,青岛数据集团有限公司,P0,true,1,https://tradeinservices.mofcom.gov.cn/article/gjszck/gjyq/202502/172785.html,government,官网优先；需在投递或启用监控前复核入口有效性
17d5695b7914,青岛数据集团有限公司,P0,true,2,https://www.liepin.com/company/13463147/,commercial_platform,官网优先；需在投递或启用监控前复核入口有效性
175e40a5fa0b,青岛数据集团相关主体,P0,true,1,https://www.qdhuatong.com/,official_or_unknown,官网优先；需在投递或启用监控前复核入口有效性
d854b6e862b9,海信家电集团股份有限公司,P1,true,1,https://m.cls.cn/detail/505950,official_or_unknown,官网优先；需在投递或启用监控前复核入口有效性
d854b6e862b9,海信家电集团股份有限公司,P1,true,2,https://www.dailyqd.com/finance/2021-01/10/content_533884.htm,official_or_unknown,官网优先；需在投递或启用监控前复核入口有效性
e8b62c6301d6,青岛华通图新信息科技有限公司,P1,true,1,https://m.zhipin.com/companys/c9ca36a7dbb472611HJ62d24GFs~.html,official_or_unknown,官网优先；需在投递或启用监控前复核入口有效性
10e4d4d43889,青岛华通智能科技研究院有限公司,P1,true,1,https://www.jining.gov.cn/art/2023/9/27/art_106014_2854309.html,government,官网优先；需在投递或启用监控前复核入口有效性
10e4d4d43889,青岛华通智能科技研究院有限公司,P1,true,2,https://www.gaoxiaojob.com/announcement/detail/385998.html,official_recruitment,官网优先；需在投递或启用监控前复核入口有效性
329f9faa1db4,青岛征信服务有限公司,P1,true,1,https://qdzixun.com/credit/,official_or_unknown,官网优先；需在投递或启用监控前复核入口有效性
329f9faa1db4,青岛征信服务有限公司,P1,true,2,https://vote1.qingdaonews.com/branch/news/202207/2022city/pcDetail.php?uid=1069,official_or_unknown,官网优先；需在投递或启用监控前复核入口有效性
ca70cbfb9dfe,青岛金企通信息服务有限公司,P1,true,1,https://www.qdjqt.com/jinrongjigou.html,official_or_unknown,官网优先；需在投递或启用监控前复核入口有效性
ca70cbfb9dfe,青岛金企通信息服务有限公司,P1,true,2,https://www.qdjqt.com/connectUs.html,official_or_unknown,官网优先；需在投递或启用监控前复核入口有效性
a70c74649f78,青岛华通创业投资有限责任公司,P1,true,1,https://www.yingjiesheng.com/job-007-900-987.html,official_recruitment,官网优先；需在投递或启用监控前复核入口有效性
a70c74649f78,青岛华通创业投资有限责任公司,P1,true,2,https://www.bianzhia.com/zt/gqqingdao/index_2.html,official_or_unknown,官网优先；需在投递或启用监控前复核入口有效性
154836b66b6e,青岛华通资产管理有限责任公司,P1,true,1,https://www.bianzhia.com/zt/gqqingdao/,official_or_unknown,官网优先；需在投递或启用监控前复核入口有效性
efed82af5b17,青岛华通金创控股集团有限公司,P0,true,1,https://www.zggwy.com/zhaokao/592755.html,official_or_unknown,官网优先；需在投递或启用监控前复核入口有效性
efed82af5b17,青岛华通金创控股集团有限公司,P0,true,2,https://www.yingjiesheng.com/job-007-900-987.html,official_recruitment,官网优先；需在投递或启用监控前复核入口有效性
32c7065112d9,青岛华通智创电子科技有限公司,P1,true,1,https://www.gaoxiaojob.com/company/detail/3504.html,official_recruitment,官网优先；需在投递或启用监控前复核入口有效性
e5905424035b,青岛食品股份有限公司,P2,false,1,https://www.bianzhia.com/zt/gqqingdao/index_2.html,official_or_unknown,官网优先；需在投递或启用监控前复核入口有效性
1dd334a609a5,青岛数据资产登记评价中心有限公司,P0,true,1,https://www.qdcaee.com/,official_or_unknown,官网优先；需在投递或启用监控前复核入口有效性
1dd334a609a5,青岛数据资产登记评价中心有限公司,P0,true,2,https://www.bianzhia.com/zt/gqqingdao/,official_or_unknown,官网优先；需在投递或启用监控前复核入口有效性
6cb58e8b6078,数字青岛建设有限公司,P0,true,1,https://www.bianzhia.com/zt/gqqingdao/index_2.html,official_or_unknown,官网优先；需在投递或启用监控前复核入口有效性
32b41ef833cb,国信金融/国信科技/国信体育/国信置业/海天中心等板块,P0,true,1,https://www.qdgxjt.com/,official_or_unknown,官网优先；需在投递或启用监控前复核入口有效性
61e1af98df31,青岛国信发展（集团）有限责任公司,P0,true,1,https://www.qdgxjt.com/,official_or_unknown,官网优先；需在投递或启用监控前复核入口有效性
96e4d13190ab,青岛国信金融控股有限公司,P1,true,1,https://www.qdjqt.com/jinrongjigou.html,official_or_unknown,官网优先；需在投递或启用监控前复核入口有效性
96e4d13190ab,青岛国信金融控股有限公司,P1,true,2,https://www.qdgxjr.com/,official_or_unknown,官网优先；需在投递或启用监控前复核入口有效性
aec91961265c,青岛海洋发展集团有限公司,P1,true,1,https://m.dzplus.dzng.com/share/general/0/NEWS1951836OPBPHOHRXIDXE,official_or_unknown,官网优先；需在投递或启用监控前复核入口有效性
14d7bbe26eb7,国信证券股份有限公司青岛分公司,P3,false,1,https://www.guosen.com.cn/,official_or_unknown,官网优先；需在投递或启用监控前复核入口有效性
14d7bbe26eb7,国信证券股份有限公司青岛分公司,P3,false,2,https://www.csrc.gov.cn/qingdao/c104024/c7635812/content.shtml,government,官网优先；需在投递或启用监控前复核入口有效性
6f88f224a754,青岛国信小额贷款有限公司,P3,false,1,https://www.qdjqt.com/jinrongjigou.html,official_or_unknown,官网优先；需在投递或启用监控前复核入口有效性
6f88f224a754,青岛国信小额贷款有限公司,P3,false,2,https://www.qdgxjr.com/,official_or_unknown,官网优先；需在投递或启用监控前复核入口有效性
8322ad4adf92,青岛国信智慧城市运营有限公司,P0,true,1,https://m.zhaopin.com/company/CZ309907530.htm,commercial_platform,官网优先；需在投递或启用监控前复核入口有效性
8322ad4adf92,青岛国信智慧城市运营有限公司,P0,true,2,https://www.bianzhia.com/zt/gqqingdao/,official_or_unknown,官网优先；需在投递或启用监控前复核入口有效性
a169cf6f8bdd,青岛国信城市信息科技有限公司,P0,true,1,https://www.gxbjqd.com/joinus,official_or_unknown,官网优先；需在投递或启用监控前复核入口有效性
7e48dd62e24c,青岛国信会展酒店发展有限公司,P2,false,1,https://www.bianzhia.com/zt/gqqingdao/,official_or_unknown,官网优先；需在投递或启用监控前复核入口有效性
26c26f47d1a1,青岛国信蓝色硅谷发展有限责任公司,P1,true,1,https://www.bianzhia.com/zt/gqqingdao/,official_or_unknown,官网优先；需在投递或启用监控前复核入口有效性
c83b4f4138b7,青岛国际机场集团有限公司,P0,true,1,https://www.qdairport.com/,official_or_unknown,官网优先；需在投递或启用监控前复核入口有效性
0243cc1b97d8,中航油青岛国际机场航空油料有限责任公司,P3,false,1,https://www.cnaf.com/,official_or_unknown,官网优先；需在投递或启用监控前复核入口有效性
f37754980339,青岛地铁集团有限公司,P0,true,1,https://www.qd-metro.com/,official_or_unknown,官网优先；需在投递或启用监控前复核入口有效性
0bfb56ae5abf,青岛城市轨道交通科技有限公司,P0,true,1,https://campus.niuqizp.com/job-vrU5ZLCMt.html,official_recruitment,官网优先；需在投递或启用监控前复核入口有效性
0bfb56ae5abf,青岛城市轨道交通科技有限公司,P0,true,2,https://www.qd-metro.com/recruit.php,official_recruitment,官网优先；需在投递或启用监控前复核入口有效性
3641f78a66e4,青岛毕方数据科技有限公司,P0,true,1,https://www.qd-metro.com/informationInfo.php?id=10774,official_or_unknown,官网优先；需在投递或启用监控前复核入口有效性
3641f78a66e4,青岛毕方数据科技有限公司,P0,true,2,https://www.qd-metro.com/recruit.php,official_recruitment,官网优先；需在投递或启用监控前复核入口有效性
7651f942c6b0,地铁运营/TOD/资源开发/信息化相关主体,P1,true,1,https://www.qd-metro.com/,official_or_unknown,官网优先；需在投递或启用监控前复核入口有效性
37781b61378a,青岛城市建设投资（集团）有限责任公司,P0,true,1,https://www.qdcig.com/,official_or_unknown,官网优先；需在投递或启用监控前复核入口有效性
0dcdce48ca7f,双星集团有限责任公司,P1,true,1,https://www.jiemian.com/article/4284111.html,official_or_unknown,官网优先；需在投递或启用监控前复核入口有效性
0dcdce48ca7f,双星集团有限责任公司,P1,true,2,https://cn.chinadaily.com.cn/a/202006/29/WS5ef9b61ea310a859d09d4d19.html,official_or_unknown,官网优先；需在投递或启用监控前复核入口有效性
7253c69c64c6,城投能源/城投地产/基础设施建设等主体线索,P1,true,1,https://www.qdcig.com/,official_or_unknown,官网优先；需在投递或启用监控前复核入口有效性
a8c3faf7e52b,青岛双星股份有限公司,P1,true,1,https://www.jiemian.com/article/4284111.html,official_or_unknown,官网优先；需在投递或启用监控前复核入口有效性
a8c3faf7e52b,青岛双星股份有限公司,P1,true,2,https://cn.chinadaily.com.cn/a/202006/29/WS5ef9b61ea310a859d09d4d19.html,official_or_unknown,官网优先；需在投递或启用监控前复核入口有效性
af9c1a2ed019,青岛城投数字科技发展有限公司,P1,true,1,https://www.seeyon.com/News/desc/id/6262.html,official_or_unknown,官网优先；需在投递或启用监控前复核入口有效性
af9c1a2ed019,青岛城投数字科技发展有限公司,P1,true,2,https://www.gaoxiaojob.com/announcement/detail/147761.html,official_recruitment,官网优先；需在投递或启用监控前复核入口有效性
8a34ac46e6d2,平度市城市建设投资开发有限公司,P2,false,1,https://ggzy.qingdao.gov.cn/TradeDetals-ZtbShow/159222-5070-1-2-0/0da35695-c8b3-410b-b810-3a9f6dd1e084,government,官网优先；需在投递或启用监控前复核入口有效性
8a34ac46e6d2,平度市城市建设投资开发有限公司,P2,false,2,https://fenbi.com/page/fenxiaozhaokaodetail/4/0/465104203697152,official_or_unknown,官网优先；需在投递或启用监控前复核入口有效性
e312d1319ba0,青岛交通发展集团有限公司,P2,false,1,https://www.qdct.cn/content/business_details23_595.html,official_or_unknown,官网优先；需在投递或启用监控前复核入口有效性
e312d1319ba0,青岛交通发展集团有限公司,P2,false,2,https://www.gaoxiaojob.com/announcement/detail/329803.html,official_recruitment,官网优先；需在投递或启用监控前复核入口有效性
47c767c9bd63,青岛白沙河投资开发集团有限公司,P3,false,1,https://m.qcc.com/firm/bca37f371684db6b3cd397b0f53e40f8.html,official_or_unknown,官网优先；需在投递或启用监控前复核入口有效性
169b84d5e121,青岛官路水库开发建设有限公司,P2,false,1,https://www.qdct.cn/,official_or_unknown,官网优先；需在投递或启用监控前复核入口有效性
98d383fe696b,青岛城投城金控股集团有限公司,P0,true,1,https://www.qdct.cn/,official_or_unknown,官网优先；需在投递或启用监控前复核入口有效性
74cd23b18a01,青岛航空股份有限公司,P1,true,1,https://www.qdct.cn/,official_or_unknown,官网优先；需在投递或启用监控前复核入口有效性
74cd23b18a01,青岛航空股份有限公司,P1,true,2,https://www.qdairlines.com/,official_or_unknown,官网优先；需在投递或启用监控前复核入口有效性
e625e51f550b,青岛双星轮胎工业有限公司,P2,false,1,https://www.qdct.cn/,official_or_unknown,官网优先；需在投递或启用监控前复核入口有效性
40e72ae7e1f1,青岛城运控股集团有限公司,P0,true,1,https://www.qdcykg.com/,official_or_unknown,官网优先；需在投递或启用监控前复核入口有效性
07dfe1095e48,公交/客运/物流/出行平台等主体线索,P1,true,1,https://www.qdcykg.com/,official_or_unknown,官网优先；需在投递或启用监控前复核入口有效性
4c7dbbca291a,青岛水务集团有限公司,P0,true,1,https://www.qdwater.com.cn/,official_or_unknown,官网优先；需在投递或启用监控前复核入口有效性
49ccc8a708d6,供水/排水/污水/源水/固废处置主体线索,P1,true,1,https://www.qdwater.com.cn/,official_or_unknown,官网优先；需在投递或启用监控前复核入口有效性
d030c9ad6209,青岛海发国有资本投资运营集团有限公司,P0,true,1,https://www.gsxt.gov.cn/,government,官网优先；需在投递或启用监控前复核入口有效性
dd4c4ecad7db,澳柯玛股份有限公司,P1,true,1,https://www.aucma.com.cn/,official_or_unknown,官网优先；需在投递或启用监控前复核入口有效性
dd4c4ecad7db,澳柯玛股份有限公司,P1,true,2,https://sd.sina.cn/city/csts/2021-02-05/detail-ikftssap4118252.d.html?cre=wappage&loc=3&mod=r&r=0&rfunc=4&tj=wap_news_relate&wm=8001_2001,official_or_unknown,官网优先；需在投递或启用监控前复核入口有效性
69bfc716406f,青岛澳柯玛控股集团有限公司,P1,true,1,https://www.aucma.com.cn/,official_or_unknown,官网优先；需在投递或启用监控前复核入口有效性
69bfc716406f,青岛澳柯玛控股集团有限公司,P1,true,2,https://sd.sina.cn/city/csts/2021-02-05/detail-ikftssap4118252.d.html?cre=wappage&loc=3&mod=r&r=0&rfunc=4&tj=wap_news_relate&wm=8001_2001,official_or_unknown,官网优先；需在投递或启用监控前复核入口有效性
c9e7e28ea36d,青岛澳西智能科技有限公司,P0,true,1,https://www.aucma.com.cn/,official_or_unknown,官网优先；需在投递或启用监控前复核入口有效性
c9e7e28ea36d,青岛澳西智能科技有限公司,P0,true,2,https://www.bianzhia.com/zt/gqqingdao/,official_or_unknown,官网优先；需在投递或启用监控前复核入口有效性
c9c420a1c3e9,青岛海发环保能源投资有限公司,P1,true,1,https://www.bianzhia.com/zt/gqqingdao/index_2.html,official_or_unknown,官网优先；需在投递或启用监控前复核入口有效性
ead9aa603c9d,青岛青发国际贸易集团有限公司,P2,false,1,https://www.bianzhia.com/zt/gqqingdao/index_2.html,official_or_unknown,官网优先；需在投递或启用监控前复核入口有效性
d11dd84d61b5,青岛海检集团有限公司,P0,true,1,https://www.chinanmei.com/,official_or_unknown,官网优先；需在投递或启用监控前复核入口有效性
d11dd84d61b5,青岛海检集团有限公司,P0,true,2,https://www.gaoxiaojob.com/announcement/detail/385466.html,official_recruitment,官网优先；需在投递或启用监控前复核入口有效性
b4c06fa43bba,青岛能源集团有限公司,P0,true,1,https://www.qdenergy.com/,official_or_unknown,官网优先；需在投递或启用监控前复核入口有效性
1110eac69dc4,热力/燃气/能源服务公司线索,P1,true,1,https://www.qdenergy.com/,official_or_unknown,官网优先；需在投递或启用监控前复核入口有效性
0a92e6050e79,青岛西海岸新区融合控股集团有限公司,P0,true,1,https://rongkong.net/,official_or_unknown,官网优先；需在投递或启用监控前复核入口有效性
0a92e6050e79,青岛西海岸新区融合控股集团有限公司,P0,true,2,https://qzpta39.chinasyks.org.cn/cn_xha/xha.html,official_or_unknown,官网优先；需在投递或启用监控前复核入口有效性
82b7e45dfcd1,城发投资集团有限公司,P1,true,1,https://www.chengfagroup.com/html/group_profile/,official_or_unknown,官网优先；需在投递或启用监控前复核入口有效性
82b7e45dfcd1,城发投资集团有限公司,P1,true,2,https://qzpta39.chinasyks.org.cn/cn_xha/xha.html,official_or_unknown,官网优先；需在投递或启用监控前复核入口有效性
11f71048a6a4,山东融发舰船修造集团有限公司,P1,true,1,https://qzpta39.chinasyks.org.cn/cn_xha/xha.html,official_or_unknown,官网优先；需在投递或启用监控前复核入口有效性
11f71048a6a4,山东融发舰船修造集团有限公司,P1,true,2,https://m.dzplus.dzng.com/share/general/0/NEWS2322980UYBBVZMETQHBY,official_or_unknown,官网优先；需在投递或启用监控前复核入口有效性
bf1fb5041e36,青岛西海岸新区融合控股集团,P1,true,1,https://www.gsxt.gov.cn/,government,官网优先；需在投递或启用监控前复核入口有效性
dc2f06c34fe7,青岛西海岸发展集团有限公司,P2,false,1,https://tradeinservices.mofcom.gov.cn/article/lingyu/whmaoyi/202003/101391.html,government,官网优先；需在投递或启用监控前复核入口有效性
dc2f06c34fe7,青岛西海岸发展集团有限公司,P2,false,2,https://qzpta39.chinasyks.org.cn/cn_xha/xha.html,official_or_unknown,官网优先；需在投递或启用监控前复核入口有效性
7e897bb7fc82,山东融发特种装备维保集团有限公司,P3,false,1,https://qzpta39.chinasyks.org.cn/cn_xha/xha.html,official_or_unknown,官网优先；需在投递或启用监控前复核入口有效性
7e897bb7fc82,山东融发特种装备维保集团有限公司,P3,false,2,https://m.dzplus.dzng.com/share/general/0/NEWS2322980UYBBVZMETQHBY,official_or_unknown,官网优先；需在投递或启用监控前复核入口有效性
0337e08081b4,青岛融资担保集团有限公司,P0,true,1,https://www.gaoxiaojob.com/announcement/detail/359062.html,official_recruitment,官网优先；需在投递或启用监控前复核入口有效性
3577cac02a8e,青岛财通集团,P0,true,1,https://www.juliangcaijing.com/contents/110/1312.html,official_or_unknown,官网优先；需在投递或启用监控前复核入口有效性
3577cac02a8e,青岛财通集团,P0,true,2,https://www.iguopin.com/,public_platform,官网优先；需在投递或启用监控前复核入口有效性
4b9e3311e586,青岛科创融资担保有限公司/科创担保公司线索,P2,false,1,https://www.gaoxiaojob.com/announcement/detail/359062.html,official_recruitment,官网优先；需在投递或启用监控前复核入口有效性
82075578e563,青岛融资再担保有限责任公司,P2,false,1,https://www.gaoxiaojob.com/announcement/detail/359062.html,official_recruitment,官网优先；需在投递或启用监控前复核入口有效性
1e91f51629a9,青岛银行股份有限公司,P0,true,1,https://www.qdjqt.com/jinrongjigou.html,official_or_unknown,官网优先；需在投递或启用监控前复核入口有效性
1e91f51629a9,青岛银行股份有限公司,P0,true,2,https://job.qdu.edu.cn/info/1008/32609.htm,official_recruitment,官网优先；需在投递或启用监控前复核入口有效性
424a00410091,青银理财有限责任公司,P1,true,1,https://m.yinhangzhaopin.com/m/193591.htm,commercial_platform,官网优先；需在投递或启用监控前复核入口有效性
424a00410091,青银理财有限责任公司,P1,true,2,https://www.nfra.gov.cn/chinese/docfile/2025/5a38f43d0477432db2fad21d0324c0ec.doc,government,官网优先；需在投递或启用监控前复核入口有效性
537e22e29e63,青岛青银金融租赁有限公司,P2,false,1,https://jobcareer.sdu.edu.cn/eweb/jygl/index.so?id=VjZZYFgcdrBaFiiPQLF8p9&modcode=jygl_zpxxck&subsyscode=zpfw&type=ssoViewZpxx,official_recruitment,官网优先；需在投递或启用监控前复核入口有效性
20f40a97e7e8,青岛高新区投资开发集团有限公司,P0,true,1,https://m.liepin.com/company/7989954/,commercial_platform,官网优先；需在投递或启用监控前复核入口有效性
72a280538519,一汽解放青岛汽车有限公司,P1,true,1,https://www.faw.com.cn/,official_or_unknown,官网优先；需在投递或启用监控前复核入口有效性
29172d358b16,中汽新能（青岛）电池科技有限公司,P1,true,1,https://www.faw.com.cn/,official_or_unknown,官网优先；需在投递或启用监控前复核入口有效性
5c998b9e8412,中铁建工集团第二建设有限公司,P1,true,1,https://www.crec.cn/,official_or_unknown,官网优先；需在投递或启用监控前复核入口有效性
676dc0ca5932,中铁十局青岛公司,P3,false,1,https://www.crec.cn/,official_or_unknown,官网优先；需在投递或启用监控前复核入口有效性
d8bf7f60f0db,中铁置业山东公司,P3,false,1,https://www.crec.cn/,official_or_unknown,官网优先；需在投递或启用监控前复核入口有效性
de201479fe62,中交一航局第二工程有限公司,P1,true,1,https://www.ccccltd.cn/,official_or_unknown,官网优先；需在投递或启用监控前复核入口有效性
ab7e1d3f7de4,中交青岛投资建设有限公司,P2,false,1,https://www.ccccltd.cn/,official_or_unknown,官网优先；需在投递或启用监控前复核入口有效性
d37c1458b7e0,中国人民财产保险股份有限公司青岛市分公司,P1,true,1,https://picc.zhiye.com/,official_or_unknown,官网优先；需在投递或启用监控前复核入口有效性
d37c1458b7e0,中国人民财产保险股份有限公司青岛市分公司,P1,true,2,https://www.iguopin.com/company?id=10685321972671444,public_platform,官网优先；需在投递或启用监控前复核入口有效性
19b4ac35cb96,中国人民人寿保险股份有限公司青岛分公司,P3,false,1,https://www.qdjqt.com/jinrongjigou.html,official_or_unknown,官网优先；需在投递或启用监控前复核入口有效性
19b4ac35cb96,中国人民人寿保险股份有限公司青岛分公司,P3,false,2,https://picc.zhiye.com/,official_or_unknown,官网优先；需在投递或启用监控前复核入口有效性
77a409b13dd1,中国出口信用保险公司山东分公司,P1,true,1,https://sd.sinosure.com.cn/,official_or_unknown,官网优先；需在投递或启用监控前复核入口有效性
77a409b13dd1,中国出口信用保险公司山东分公司,P1,true,2,https://www.sinosure.com.cn/rczp/zpjh/default.shtml,official_or_unknown,官网优先；需在投递或启用监控前复核入口有效性
71e38accfc96,中国广电山东网络有限公司,P1,true,1,https://jy.qdbhu.edu.cn/info/1803/10991.htm,official_or_unknown,官网优先；需在投递或启用监控前复核入口有效性
71e38accfc96,中国广电山东网络有限公司,P1,true,2,https://m.sdgdwljt.com/tzgglist/index.html,official_or_unknown,官网优先；需在投递或启用监控前复核入口有效性
9fbf857e3840,中国广电山东网络有限公司青岛市分公司,P1,true,1,https://m.jn.bendibao.com/job/81920.shtm,official_recruitment,官网优先；需在投递或启用监控前复核入口有效性
9fbf857e3840,中国广电山东网络有限公司青岛市分公司,P1,true,2,https://m.sdgdwljt.com/tzgglist/index.html,official_or_unknown,官网优先；需在投递或启用监控前复核入口有效性
2f3ee5a7304d,中国广电山东网络有限公司青岛各区市分公司体系,P2,false,1,https://m.jn.bendibao.com/job/81920.shtm,official_recruitment,官网优先；需在投递或启用监控前复核入口有效性
2f3ee5a7304d,中国广电山东网络有限公司青岛各区市分公司体系,P2,false,2,https://m.sdgdwljt.com/tzgglist/index.html,official_or_unknown,官网优先；需在投递或启用监控前复核入口有效性
a39b46f57278,中建八局发展建设有限公司,P1,true,1,https://www.cscec.com/,official_or_unknown,官网优先；需在投递或启用监控前复核入口有效性
ed1734cdc025,中国能建西北院青岛分公司,P1,true,1,https://www.ceec.net.cn/,official_or_unknown,官网优先；需在投递或启用监控前复核入口有效性
900ca193dcff,中航工业青岛云路新能源科技有限公司/青岛云路相关,P1,true,1,https://www.avic.com/,official_or_unknown,官网优先；需在投递或启用监控前复核入口有效性
263b7592ee35,中航工业青岛科技园,P2,false,1,https://www.avic.com/,official_or_unknown,官网优先；需在投递或启用监控前复核入口有效性
db2664ec1402,沈阳兴华航空电器有限责任公司青岛研发中心,P3,false,1,https://www.avic.com/,official_or_unknown,官网优先；需在投递或启用监控前复核入口有效性
5e6a00a3a965,海洋石油工程（青岛）有限公司,P1,true,1,https://www.cnoocengineering.com/,official_or_unknown,官网优先；需在投递或启用监控前复核入口有效性
df3d9bfe8e6a,中远海运青岛公司/青岛区域公司,P1,true,1,https://qd.coscoshipping.com/,official_or_unknown,官网优先；需在投递或启用监控前复核入口有效性
ca98ac0134a3,华润燃气（青岛）有限公司,P1,true,1,https://www.crc.com.cn/,official_or_unknown,官网优先；需在投递或启用监控前复核入口有效性
bcc733118f0b,华润医药（山东）有限公司/青岛业务主体,P2,false,1,https://www.crc.com.cn/,official_or_unknown,官网优先；需在投递或启用监控前复核入口有效性
a2dcf54aace9,华润置地（青岛）有限公司,P3,false,1,https://www.crland.com.cn/,official_or_unknown,官网优先；需在投递或启用监控前复核入口有效性
3dd8ba872129,华润医药商业青岛业务线索,P4,false,1,https://crc.wintalent.cn/wt/crpharma/web/index/social,official_or_unknown,官网优先；需在投递或启用监控前复核入口有效性
3dd8ba872129,华润医药商业青岛业务线索,P4,false,2,https://www.iguopin.com/company?id=10685372705833274,public_platform,官网优先；需在投递或启用监控前复核入口有效性
cb15b3a29d29,国家电投（青岛）综合智慧能源有限公司,P1,true,1,https://www.spic.com.cn/,official_or_unknown,官网优先；需在投递或启用监控前复核入口有效性
0cc4bb4b79b0,电投（青岛）投资发展有限公司,P2,false,1,https://www.spic.com.cn/,official_or_unknown,官网优先；需在投递或启用监控前复核入口有效性
7918e0b8006b,青岛绿色发展研究院有限公司,P2,false,1,https://www.spic.com.cn/,official_or_unknown,官网优先；需在投递或启用监控前复核入口有效性
edb92d536a50,青岛国家电投能源电力有限公司,P3,false,1,https://www.spic.com.cn/,official_or_unknown,官网优先；需在投递或启用监控前复核入口有效性
67eb7be9c5c9,国家管网山东分公司青岛作业区/黄岛油库,P1,true,1,https://www.pipechina.com.cn/,official_or_unknown,官网优先；需在投递或启用监控前复核入口有效性
9b0d26b4f14b,国药控股青岛有限公司,P1,true,1,https://www.sinopharm.com/,official_or_unknown,官网优先；需在投递或启用监控前复核入口有效性
9b0d26b4f14b,国药控股青岛有限公司,P1,true,2,https://www.iguopin.com/company?id=10685311014914410,public_platform,官网优先；需在投递或启用监控前复核入口有效性
52b2fb4b3ef7,国药集团青岛医疗器械有限公司,P3,false,1,https://www.sinopharm.com/talents.html,official_or_unknown,官网优先；需在投递或启用监控前复核入口有效性
52b2fb4b3ef7,国药集团青岛医疗器械有限公司,P3,false,2,https://www.liepin.com/company/gs14433852/,commercial_platform,官网优先；需在投递或启用监控前复核入口有效性
7c6283e6f947,山东海运股份有限公司,P1,true,1,https://www.sdmg.com.cn/,official_or_unknown,官网优先；需在投递或启用监控前复核入口有效性
f61f5bf194ba,山东海洋能源有限公司,P3,false,1,https://www.sdmg.com.cn/,official_or_unknown,官网优先；需在投递或启用监控前复核入口有效性
ccd7832de684,山东省电子口岸有限公司,P1,true,1,https://sd.singlewindow.cn/shouye/kouanzixun/qitazixun/2022/1104/6813.html,official_or_unknown,官网优先；需在投递或启用监控前复核入口有效性
ccd7832de684,山东省电子口岸有限公司,P1,true,2,https://sd.huatu.com/2026/0509/1619904.html,official_or_unknown,官网优先；需在投递或启用监控前复核入口有效性
0768e1f8f79a,山东能源集团南美有限公司,P1,true,1,https://www.shandong-energy.com/,official_or_unknown,官网优先；需在投递或启用监控前复核入口有效性
03f81cd0c2f1,山东能源（青岛）有限公司,P1,true,1,https://www.shandong-energy.com/,official_or_unknown,官网优先；需在投递或启用监控前复核入口有效性
b1e7da706ec6,中国重汽集团青岛重工有限公司,P1,true,1,https://www.shig.com.cn/,official_or_unknown,官网优先；需在投递或启用监控前复核入口有效性
85e4eb46118d,潍柴青岛智慧重工有限公司,P1,true,1,https://www.shig.com.cn/,official_or_unknown,官网优先；需在投递或启用监控前复核入口有效性
d6a3c333496c,雷沃重工青岛相关主体,P2,false,1,https://www.shig.com.cn/,official_or_unknown,官网优先；需在投递或启用监控前复核入口有效性
989f90a8466b,山东铁投集团青岛分公司,P1,true,1,https://www.sdrail.com/,official_or_unknown,官网优先；需在投递或启用监控前复核入口有效性
7c9e7e49fff6,山东铁投物流有限公司,P3,false,1,https://www.sdrail.com/,official_or_unknown,官网优先；需在投递或启用监控前复核入口有效性
1e512eae7e8c,山东鲁中高速铁路有限公司,P3,false,1,https://www.sdrail.com/,official_or_unknown,官网优先；需在投递或启用监控前复核入口有效性
0ac2b7cff56a,招商局港口（青岛）有限公司,P1,true,1,https://www.cmhk.com/,official_or_unknown,官网优先；需在投递或启用监控前复核入口有效性
fb4b33ad20e2,招商银行青岛分行,P1,true,1,https://www.cmbchina.com/,official_or_unknown,官网优先；需在投递或启用监控前复核入口有效性
fb4b33ad20e2,招商银行青岛分行,P1,true,2,https://www.qdjqt.com/jinrongjigou.html,official_or_unknown,官网优先；需在投递或启用监控前复核入口有效性
03afb3f0b5fa,招商蛇口青岛公司/项目公司,P3,false,1,https://www.cmhk.com/,official_or_unknown,官网优先；需在投递或启用监控前复核入口有效性
b2b68467f1ba,招商证券股份有限公司青岛分公司/青岛营业部,P4,false,1,https://xinsanban.eastmoney.com/Organization/BrokerInfo/80000012.html,official_or_unknown,官网优先；需在投递或启用监控前复核入口有效性
b2b68467f1ba,招商证券股份有限公司青岛分公司/青岛营业部,P4,false,2,https://www.csrc.gov.cn/qingdao/c104024/c7635812/content.shtml,government,官网优先；需在投递或启用监控前复核入口有效性
b8a2ad94e9c1,青岛人才发展集团有限公司,P1,true,1,https://www.gsxt.gov.cn/,government,官网优先；需在投递或启用监控前复核入口有效性
3a2bc6fa7e9f,青岛市人力资源集团有限公司,P0,true,1,https://www.bianzhia.com/zt/gqqingdao/index_2.html,official_or_unknown,官网优先；需在投递或启用监控前复核入口有效性
24a75d43ae0e,青岛城市传媒股份有限公司,P1,true,1,https://baike.eastmoney.com/item/%E9%9D%92%E5%B2%9B%E5%9F%8E%E5%B8%82%E4%BC%A0%E5%AA%92%E8%82%A1%E4%BB%BD%E6%9C%89%E9%99%90%E5%85%AC%E5%8F%B8,official_or_unknown,官网优先；需在投递或启用监控前复核入口有效性
24a75d43ae0e,青岛城市传媒股份有限公司,P1,true,2,https://www.citymedia.cn/Home/CoInfo/index.html,official_or_unknown,官网优先；需在投递或启用监控前复核入口有效性
f1f055bf275a,青岛出版社有限公司,P2,false,1,https://baike.eastmoney.com/item/%E9%9D%92%E5%B2%9B%E5%9F%8E%E5%B8%82%E4%BC%A0%E5%AA%92%E8%82%A1%E4%BB%BD%E6%9C%89%E9%99%90%E5%85%AC%E5%8F%B8,official_or_unknown,官网优先；需在投递或启用监控前复核入口有效性
f1f055bf275a,青岛出版社有限公司,P2,false,2,https://www.gaoxiaojob.com/rczhaopin/qingdao/bianji,official_recruitment,官网优先；需在投递或启用监控前复核入口有效性
f338ac4bf6ff,青岛出版集团有限公司,P2,false,1,https://www.gaoxiaojob.com/rczhaopin/qingdao/bianji,official_recruitment,官网优先；需在投递或启用监控前复核入口有效性
f338ac4bf6ff,青岛出版集团有限公司,P2,false,2,https://m.liepin.com/company/12277399/,commercial_platform,官网优先；需在投递或启用监控前复核入口有效性
3252823fd477,青岛新华书店有限责任公司,P2,false,1,https://baike.eastmoney.com/item/%E9%9D%92%E5%B2%9B%E5%9F%8E%E5%B8%82%E4%BC%A0%E5%AA%92%E8%82%A1%E4%BB%BD%E6%9C%89%E9%99%90%E5%85%AC%E5%8F%B8,official_or_unknown,官网优先；需在投递或启用监控前复核入口有效性
3252823fd477,青岛新华书店有限责任公司,P2,false,2,https://www.gaoxiaojob.com/rczhaopin/qingdao/bianji,official_recruitment,官网优先；需在投递或启用监控前复核入口有效性
50fbc65e77c6,青岛北岸数字科技集团有限公司,P1,true,1,https://www.aiqicha.com/company_detail_41413532929052?tab=dataAnalysis,official_or_unknown,官网优先；需在投递或启用监控前复核入口有效性
50fbc65e77c6,青岛北岸数字科技集团有限公司,P1,true,2,https://www.jining.gov.cn/art/2023/9/27/art_106014_2854309.html,government,官网优先；需在投递或启用监控前复核入口有效性
4236364f9c68,青岛啤酒股份有限公司,P1,true,1,https://www.tsingtao.com.cn/,official_or_unknown,官网优先；需在投递或启用监控前复核入口有效性
d4b7b9cc89ac,青岛啤酒集团有限公司,P2,false,1,https://www.tsingtao.com.cn/,official_or_unknown,官网优先；需在投递或启用监控前复核入口有效性
f4860ed49c69,青岛国投产业投资有限公司,P1,true,1,https://news.qq.com/rain/a/20260312A08NI600,official_or_unknown,官网优先；需在投递或启用监控前复核入口有效性
1d0d06fd6057,青岛国投创业投资有限公司,P1,true,1,https://i.ifeng.com/c/8qcwngUmcPz,official_or_unknown,官网优先；需在投递或启用监控前复核入口有效性
eaa7ff5a4d67,青岛国投资产运营管理有限公司,P2,false,1,https://finance.ifeng.com/c/8sv8uru6x7z,official_or_unknown,官网优先；需在投递或启用监控前复核入口有效性
50b37b88f18f,青岛国际投资有限公司,P2,false,1,https://www.gsxt.gov.cn/,government,官网优先；需在投递或启用监控前复核入口有效性
06bfbf7133c8,青岛城阳城市发展集团有限公司,P1,true,1,https://campus.51job.com/2022qdcycf,commercial_platform,官网优先；需在投递或启用监控前复核入口有效性
0f2323464825,青岛崂山湾集团有限公司,P1,true,1,https://m.jiemian.com/article/8588439.html,official_or_unknown,官网优先；需在投递或启用监控前复核入口有效性
0f2323464825,青岛崂山湾集团有限公司,P1,true,2,https://news.qq.com/rain/a/20250906A01U7700,official_or_unknown,官网优先；需在投递或启用监控前复核入口有效性
dff1ef6688c9,青岛崂山湾发展有限公司,P3,false,1,https://m.jiemian.com/article/8588439.html,official_or_unknown,官网优先；需在投递或启用监控前复核入口有效性
dff1ef6688c9,青岛崂山湾发展有限公司,P3,false,2,https://news.qq.com/rain/a/20250906A01U7700,official_or_unknown,官网优先；需在投递或启用监控前复核入口有效性
43a3b18d5e63,青岛崂山科技创新发展集团有限公司,P1,true,1,https://news.qq.com/rain/a/20250906A01U7700,official_or_unknown,官网优先；需在投递或启用监控前复核入口有效性
ef25693e6327,青岛崂山生物医药健康产业有限公司,P2,false,1,https://news.qq.com/rain/a/20250906A01U7700,official_or_unknown,官网优先；需在投递或启用监控前复核入口有效性
2ddedbb9f0ff,青岛市政开发建设集团有限公司,P1,true,1,https://m.dzplus.dzng.com/share/general/0/NEWS2981015FNSDVRWAVVEBR,official_or_unknown,官网优先；需在投递或启用监控前复核入口有效性
8b17028d7abb,青岛广电影视传媒集团有限公司,P1,true,1,https://news.qtv.com.cn/system/2026/05/13/016155320.shtml,official_or_unknown,官网优先；需在投递或启用监控前复核入口有效性
3e4fa5e9a814,青岛小白帆影视文化传播有限公司,P3,false,1,https://news.qtv.com.cn/system/2026/05/13/016155320.shtml,official_or_unknown,官网优先；需在投递或启用监控前复核入口有效性
36360d55673d,青岛广播电视塔服务中心有限公司,P4,false,1,https://news.qtv.com.cn/system/2026/05/13/016155320.shtml,official_or_unknown,官网优先；需在投递或启用监控前复核入口有效性
5de271120eba,青岛报业传媒集团有限公司,P1,true,1,https://vote1.qingdaonews.com/branch/news/202207/2022city/pcDetail.php?uid=57,official_or_unknown,官网优先；需在投递或启用监控前复核入口有效性
5de271120eba,青岛报业传媒集团有限公司,P1,true,2,https://www.dailyqd.com/guanhai/443343_1.html,official_or_unknown,官网优先；需在投递或启用监控前复核入口有效性
fad3494a6a4a,青岛新闻网络传播有限公司,P1,true,1,https://www.qingdaonews.com/,official_or_unknown,官网优先；需在投递或启用监控前复核入口有效性
fad3494a6a4a,青岛新闻网络传播有限公司,P1,true,2,https://www.bianzhia.com/zt/gqqingdao/,official_or_unknown,官网优先；需在投递或启用监控前复核入口有效性
c22aa475404b,观海新闻客户端/观海新闻相关运营主体线索,P2,false,1,https://vote1.qingdaonews.com/branch/news/202207/2022city/pcDetail.php?uid=57,official_or_unknown,官网优先；需在投递或启用监控前复核入口有效性
c22aa475404b,观海新闻客户端/观海新闻相关运营主体线索,P2,false,2,https://www.dailyqd.com/guanhai/443343_1.html,official_or_unknown,官网优先；需在投递或启用监控前复核入口有效性
7d9756495aee,青岛北岸产业投资控股有限公司,P2,false,1,https://club.qingdaonews.com/showAnnounce_old_20_4181430_1_0.htm,official_or_unknown,官网优先；需在投递或启用监控前复核入口有效性
7d9756495aee,青岛北岸产业投资控股有限公司,P2,false,2,https://www.aiqicha.com/company_detail_41413532929052?tab=dataAnalysis,official_or_unknown,官网优先；需在投递或启用监控前复核入口有效性
1b7a9d03ed9d,青岛观海国际会展有限公司,P2,false,1,https://www.qingdaonews.com/,official_or_unknown,官网优先；需在投递或启用监控前复核入口有效性
1b7a9d03ed9d,青岛观海国际会展有限公司,P2,false,2,https://www.bianzhia.com/zt/gqqingdao/,official_or_unknown,官网优先；需在投递或启用监控前复核入口有效性
73f67a4e69c9,青岛掌控传媒有限公司,P1,true,1,https://www.bianzhia.com/zt/gqqingdao/,official_or_unknown,官网优先；需在投递或启用监控前复核入口有效性
24f179a9caff,青岛日报报业集团发行有限责任公司,P3,false,1,https://www.bianzhia.com/zt/gqqingdao/,official_or_unknown,官网优先；需在投递或启用监控前复核入口有效性
c56527840af5,青岛日报报业集团实业有限责任公司,P3,false,1,https://www.bianzhia.com/zt/gqqingdao/,official_or_unknown,官网优先；需在投递或启用监控前复核入口有效性
361b61bf796b,青岛海湾集团有限公司,P1,true,1,https://www.qdhw.com/,official_or_unknown,官网优先；需在投递或启用监控前复核入口有效性
711336511b32,青岛海湾化学股份有限公司,P2,false,1,https://www.qdhw.com/,official_or_unknown,官网优先；需在投递或启用监控前复核入口有效性
7459e80359b3,青岛经济技术开发区投资控股集团有限公司,P1,true,1,https://www.qdjkgroup.com/about.html,official_or_unknown,官网优先；需在投递或启用监控前复核入口有效性
7459e80359b3,青岛经济技术开发区投资控股集团有限公司,P1,true,2,https://qzpta39.chinasyks.org.cn/cn_xha/xha.html,official_or_unknown,官网优先；需在投递或启用监控前复核入口有效性
cfd97bebbed3,青岛青发控股集团有限公司,P1,true,1,https://qingfakonggu.com/,official_or_unknown,官网优先；需在投递或启用监控前复核入口有效性
306df3662c68,青岛西海岸公用事业集团有限公司,P1,true,1,https://qzpta39.chinasyks.org.cn/cn_xha/xha.html,official_or_unknown,官网优先；需在投递或启用监控前复核入口有效性
306df3662c68,青岛西海岸公用事业集团有限公司,P1,true,2,https://www.tianyancha.com/company/2328345125,official_or_unknown,官网优先；需在投递或启用监控前复核入口有效性
4ae3eada2bec,青岛西海岸公用事业集团能源供热有限公司,P1,true,1,https://www.kczg.org.cn/org/orgdetail?id=329979,official_or_unknown,官网优先；需在投递或启用监控前复核入口有效性
4ae3eada2bec,青岛西海岸公用事业集团能源供热有限公司,P1,true,2,https://qzpta39.chinasyks.org.cn/cn_xha/xha.html,official_or_unknown,官网优先；需在投递或启用监控前复核入口有效性
c265b94217ce,青岛崂山湾能源有限公司/东亿能源线索,P2,false,1,https://m.jiemian.com/article/8588439.html,official_or_unknown,官网优先；需在投递或启用监控前复核入口有效性
c265b94217ce,青岛崂山湾能源有限公司/东亿能源线索,P2,false,2,https://news.qq.com/rain/a/20250906A01U7700,official_or_unknown,官网优先；需在投递或启用监控前复核入口有效性
31666a9d00eb,青岛西海岸公用事业集团水务有限公司,P2,false,1,https://qzpta39.chinasyks.org.cn/cn_xha/xha.html,official_or_unknown,官网优先；需在投递或启用监控前复核入口有效性
31666a9d00eb,青岛西海岸公用事业集团水务有限公司,P2,false,2,https://www.tianyancha.com/company/2328345125,official_or_unknown,官网优先；需在投递或启用监控前复核入口有效性
b9fa75a2592e,青岛西海岸新区海洋控股集团有限公司,P1,true,1,https://www.news.cn/city/20240605/60b264e9ca1945e788bb3c83496d1375/c.html,official_or_unknown,官网优先；需在投递或启用监控前复核入口有效性
b9fa75a2592e,青岛西海岸新区海洋控股集团有限公司,P1,true,2,https://qzpta39.chinasyks.org.cn/cn_xha/xha.html,official_or_unknown,官网优先；需在投递或启用监控前复核入口有效性
19f8210746f4,青岛海控投资控股有限公司,P3,false,1,https://www.cnqxhk.com/,official_or_unknown,官网优先；需在投递或启用监控前复核入口有效性
19f8210746f4,青岛海控投资控股有限公司,P3,false,2,https://qzpta39.chinasyks.org.cn/cn_xha/xha.html,official_or_unknown,官网优先；需在投递或启用监控前复核入口有效性
81936079c079,青岛西海岸新区海洋控股集团,P3,false,1,https://www.gsxt.gov.cn/,government,官网优先；需在投递或启用监控前复核入口有效性
3e9efd09a132,青岛金家岭控股集团有限公司,P1,true,1,https://www.jtn.com/CN/news_content.aspx?KeyID=00000000000000008822&Lan=CN&MenuID=05002,official_or_unknown,官网优先；需在投递或启用监控前复核入口有效性
3e9efd09a132,青岛金家岭控股集团有限公司,P1,true,2,https://file.finance.sina.com.cn/211.154.219.97%3A9494/MRGG/BOND/2024/2024-6/2024-06-27/20504021.PDF,official_or_unknown,官网优先；需在投递或启用监控前复核入口有效性
09da6052799f,青岛全球财富中心开发建设有限公司,P2,false,1,https://vc.pedaily.cn/vc/187497.html,official_or_unknown,官网优先；需在投递或启用监控前复核入口有效性
09da6052799f,青岛全球财富中心开发建设有限公司,P2,false,2,https://file.finance.sina.com.cn/211.154.219.97%3A9494/MRGG/BOND/2024/2024-6/2024-06-27/20504021.PDF,official_or_unknown,官网优先；需在投递或启用监控前复核入口有效性
cbf155653a1f,青岛金水集团有限公司,P1,true,1,https://www.zlhuiyun.com/project/33.html,official_or_unknown,官网优先；需在投递或启用监控前复核入口有效性
cbf155653a1f,青岛金水集团有限公司,P1,true,2,https://news.10jqka.com.cn/20260415/c676021243.shtml,official_or_unknown,官网优先；需在投递或启用监控前复核入口有效性
6698472c8b50,青岛金水控股集团有限公司,P2,false,1,https://news.10jqka.com.cn/20260415/c676021243.shtml,official_or_unknown,官网优先；需在投递或启用监控前复核入口有效性
6698472c8b50,青岛金水控股集团有限公司,P2,false,2,https://pdf.dfcfw.com/pdf/H2_AN202312061613490339_1.pdf,official_or_unknown,官网优先；需在投递或启用监控前复核入口有效性
f9c31e5e5f97,青岛融源产业园投资运营有限公司,P3,false,1,https://pdf.dfcfw.com/pdf/H2_AN202312061613490339_1.pdf,official_or_unknown,官网优先；需在投递或启用监控前复核入口有效性
628c8d194b36,中国东方资产管理股份有限公司山东省分公司,P2,false,1,https://www.coamc.com.cn/dfzch/zzjg/fzjg/,official_or_unknown,官网优先；需在投递或启用监控前复核入口有效性
628c8d194b36,中国东方资产管理股份有限公司山东省分公司,P2,false,2,https://www.coamc.com.cn/,official_or_unknown,官网优先；需在投递或启用监控前复核入口有效性
17514ecb9033,中信证券（山东）有限责任公司青岛分公司,P2,false,1,https://sd.citics.com/yywd/sds/_yyb406_/,official_or_unknown,官网优先；需在投递或启用监控前复核入口有效性
17514ecb9033,中信证券（山东）有限责任公司青岛分公司,P2,false,2,https://job.citics.com/,official_recruitment,官网优先；需在投递或启用监控前复核入口有效性
2102a649b5b7,中信银行青岛分行,P2,false,1,https://www.qdjqt.com/jinrongjigou.html,official_or_unknown,官网优先；需在投递或启用监控前复核入口有效性
2102a649b5b7,中信银行青岛分行,P2,false,2,https://job.citicbank.com/,official_recruitment,官网优先；需在投递或启用监控前复核入口有效性
73b4d490f1ab,中信青岛资产管理有限公司,P2,false,1,https://www.qdamc.citic/,official_or_unknown,官网优先；需在投递或启用监控前复核入口有效性
6d2ba11735bd,中国中信金融资产管理股份有限公司山东分公司,P3,false,1,https://www.famc.citic/,official_or_unknown,官网优先；需在投递或启用监控前复核入口有效性
6d2ba11735bd,中国中信金融资产管理股份有限公司山东分公司,P3,false,2,https://www.famc.citic/m/rczp/zpxx/91960.shtml,official_or_unknown,官网优先；需在投递或启用监控前复核入口有效性
3a5fd20677f0,中信证券（山东）青岛总部证券营业部,P4,false,1,https://sd.citics.com/yywd/sds/_yyb480_/,official_or_unknown,官网优先；需在投递或启用监控前复核入口有效性
3a5fd20677f0,中信证券（山东）青岛总部证券营业部,P4,false,2,https://job.citics.com/,official_recruitment,官网优先；需在投递或启用监控前复核入口有效性
9e7e0af14601,中央储备粮青岛直属库有限公司,P2,false,1,https://www.sinograin.com.cn/,official_or_unknown,官网优先；需在投递或启用监控前复核入口有效性
c8b53e11aa38,中国光大银行青岛分行,P2,false,1,https://www.qdjqt.com/jinrongjigou.html,official_or_unknown,官网优先；需在投递或启用监控前复核入口有效性
c8b53e11aa38,中国光大银行青岛分行,P2,false,2,https://www.cebbank.com/site/zhaopin/,official_recruitment,官网优先；需在投递或启用监控前复核入口有效性
301812a5b281,光大证券股份有限公司山东分公司/青岛业务主体,P3,false,1,https://www.ebscn.com/,official_or_unknown,官网优先；需在投递或启用监控前复核入口有效性
301812a5b281,光大证券股份有限公司山东分公司/青岛业务主体,P3,false,2,https://www.csrc.gov.cn/qingdao/c104024/c7635812/content.shtml,government,官网优先；需在投递或启用监控前复核入口有效性
edbed979f474,中国太平洋财产保险股份有限公司青岛分公司,P2,false,1,https://www.qdjqt.com/jinrongjigou.html,official_or_unknown,官网优先；需在投递或启用监控前复核入口有效性
edbed979f474,中国太平洋财产保险股份有限公司青岛分公司,P2,false,2,https://property.cpic.com.cn/,official_or_unknown,官网优先；需在投递或启用监控前复核入口有效性
1e4ac246f44e,中国太平洋人寿保险股份有限公司青岛分公司,P3,false,1,https://www.cpic.com.cn/xrsbx/,official_or_unknown,官网优先；需在投递或启用监控前复核入口有效性
0bb847a36f0a,太平人寿保险有限公司青岛分公司,P3,false,1,https://cntp.zhiye.com/,official_or_unknown,官网优先；需在投递或启用监控前复核入口有效性
04eab9b5b7cf,中国建材检验认证集团山东计量检测青岛分公司,P2,false,1,https://www.cnbm.com.cn/,official_or_unknown,官网优先；需在投递或启用监控前复核入口有效性
2e7b139f57a9,中国建材青岛子公司线索（多家）,P2,false,1,https://www.cnbm.com.cn/,official_or_unknown,官网优先；需在投递或启用监控前复核入口有效性
5b6278b04328,青岛中储物流有限公司/中储体系主体,P2,false,1,https://www.chinalogisticsgroup.com.cn/,official_or_unknown,官网优先；需在投递或启用监控前复核入口有效性
397c1d756cf7,钢研纳克检测技术股份有限公司青岛纳克/青岛岗位线索,P2,false,1,https://www.iguopin.com/company?id=10685314336958712,public_platform,官网优先；需在投递或启用监控前复核入口有效性
a9d1b53d5741,青岛纳克检测等线索,P2,false,1,https://www.cisri.com.cn/,official_or_unknown,官网优先；需在投递或启用监控前复核入口有效性
ece77b46f002,中铁建青岛投资有限公司,P2,false,1,https://www.crcc.cn/,official_or_unknown,官网优先；需在投递或启用监控前复核入口有效性
89d7ba27e4ae,中铁二十五局青岛分公司,P3,false,1,https://www.crcc.cn/,official_or_unknown,官网优先；需在投递或启用监控前复核入口有效性
a197c2478103,中铁十四局集团青岛工程有限公司,P3,false,1,https://www.crcc.cn/,official_or_unknown,官网优先；需在投递或启用监控前复核入口有效性
a2f2e55fc5ea,中国银河证券股份有限公司青岛分公司,P2,false,1,https://www.chinastock.com.cn/newsite/online/branchNetwork.html,official_or_unknown,官网优先；需在投递或启用监控前复核入口有效性
a2f2e55fc5ea,中国银河证券股份有限公司青岛分公司,P2,false,2,https://www.csrc.gov.cn/qingdao/c104024/c7635812/content.shtml,government,官网优先；需在投递或启用监控前复核入口有效性
142527d44f21,中国中金财富证券有限公司青岛香港中路证券营业部,P4,false,1,https://data.eastmoney.com/dzjy/detail/603421.html,official_or_unknown,官网优先；需在投递或启用监控前复核入口有效性
142527d44f21,中国中金财富证券有限公司青岛香港中路证券营业部,P4,false,2,https://www.ciccwm.com/,official_or_unknown,官网优先；需在投递或启用监控前复核入口有效性
78c75a8fa7c1,中国银河证券青岛即墨区墨城路证券营业部,P4,false,1,https://www.chinastock.com.cn/newsite/online/branchNetwork.html,official_or_unknown,官网优先；需在投递或启用监控前复核入口有效性
c9e191ebb5db,中国银河证券青岛开发区证券营业部,P4,false,1,https://www.chinastock.com.cn/newsite/online/branchNetwork.html,official_or_unknown,官网优先；需在投递或启用监控前复核入口有效性
1c97849ab982,申万宏源证券有限公司青岛分公司/营业部,P4,false,1,https://www.swhysc.com/,official_or_unknown,官网优先；需在投递或启用监控前复核入口有效性
1c97849ab982,申万宏源证券有限公司青岛分公司/营业部,P4,false,2,https://www.csrc.gov.cn/qingdao/c104024/c7635812/content.shtml,government,官网优先；需在投递或启用监控前复核入口有效性
e3496be17002,中核检修北方分公司,P2,false,1,https://www.cnnc.com.cn/,official_or_unknown,官网优先；需在投递或启用监控前复核入口有效性
c797a60525fb,中核青岛科技园,P2,false,1,https://www.cnnc.com.cn/,official_or_unknown,官网优先；需在投递或启用监控前复核入口有效性
36e804edda0e,中国石油山东青岛销售分公司,P2,false,1,https://www.cnpc.com.cn/,official_or_unknown,官网优先；需在投递或启用监控前复核入口有效性
ebd1805cc1f7,山东胶州中石油第七建设公司线索,P3,false,1,https://www.cnpc.com.cn/,official_or_unknown,官网优先；需在投递或启用监控前复核入口有效性
c7ccec66f54a,中粮可口可乐饮料（青岛）有限公司,P2,false,1,https://www.cofco.com/,official_or_unknown,官网优先；需在投递或启用监控前复核入口有效性
00d479d21b0f,中粮粮油（青岛）有限公司,P3,false,1,https://www.cofco.com/,official_or_unknown,官网优先；需在投递或启用监控前复核入口有效性
98247f71f96f,中粮黄海粮油（青岛）有限公司,P3,false,1,https://www.cofco.com/,official_or_unknown,官网优先；需在投递或启用监控前复核入口有效性
74d0df85cf58,五矿物流（青岛）有限公司,P2,false,1,https://www.minmetals.com/,official_or_unknown,官网优先；需在投递或启用监控前复核入口有效性
d48a8e6553c7,五矿国际（青岛）有限公司,P3,false,1,https://www.minmetals.com/,official_or_unknown,官网优先；需在投递或启用监控前复核入口有效性
aaef1a3465c4,五矿地产（青岛）有限公司,P3,false,1,https://www.minmetals.com/,official_or_unknown,官网优先；需在投递或启用监控前复核入口有效性
a57d50d7a153,五矿证券有限公司山东分公司,P3,false,1,https://www.wkzq.com.cn/,official_or_unknown,官网优先；需在投递或启用监控前复核入口有效性
a57d50d7a153,五矿证券有限公司山东分公司,P3,false,2,https://www.csrc.gov.cn/qingdao/c104024/c7635812/content.shtml,government,官网优先；需在投递或启用监控前复核入口有效性
79ba23ee6336,五矿钢铁青岛有限公司,P3,false,1,https://www.minmetals.com/,official_or_unknown,官网优先；需在投递或启用监控前复核入口有效性
6076b8a49be1,华夏银行青岛分行,P2,false,1,https://www.qdjqt.com/jinrongjigou.html,official_or_unknown,官网优先；需在投递或启用监控前复核入口有效性
6076b8a49be1,华夏银行青岛分行,P2,false,2,https://zhaopin.hxb.com.cn/,official_recruitment,官网优先；需在投递或启用监控前复核入口有效性
de9b0c8bd6d2,华电青岛发电有限公司,P2,false,1,https://www.chd.com.cn/,official_or_unknown,官网优先；需在投递或启用监控前复核入口有效性
972dae5d5b9d,华能青岛热电有限公司,P2,false,1,https://www.chng.com.cn/,official_or_unknown,官网优先；需在投递或启用监控前复核入口有效性
6e62e28cf82f,华能青岛港务有限公司,P3,false,1,https://www.chng.com.cn/,official_or_unknown,官网优先；需在投递或启用监控前复核入口有效性
6d65b3a8b46a,即墨国际商贸城开发投资有限公司,P2,false,1,https://www.jimo.gov.cn/zwgk/fdzwgk/gzgq/shzr/202312/t20231222_7737270.shtml,government,官网优先；需在投递或启用监控前复核入口有效性
ea1ca3c38e5e,青岛市即墨区城市开发投资有限公司,P2,false,1,https://static.sse.com.cn/bond/bridge2/disclosure/announcement/c/202406/035533_20240624_XSUU.pdf,official_or_unknown,官网优先；需在投递或启用监控前复核入口有效性
ea1ca3c38e5e,青岛市即墨区城市开发投资有限公司,P2,false,2,https://www.jimo.gov.cn/zwgk/fdzwgk/gzgq/shzr/202312/t20231222_7737270.shtml,government,官网优先；需在投递或启用监控前复核入口有效性
3c66981de66b,青岛市即墨区城市旅游开发投资有限公司,P2,false,1,https://www.jimo.gov.cn/zwgk/fdzwgk/gzgq/shzr/202312/t20231222_7737270.shtml,government,官网优先；需在投递或启用监控前复核入口有效性
3c66981de66b,青岛市即墨区城市旅游开发投资有限公司,P2,false,2,https://www.jimo.gov.cn/zwzt/jycy/zpxx/yqzp/,government,官网优先；需在投递或启用监控前复核入口有效性
0018516de7b9,山东省鑫诚恒业集团有限公司,P3,false,1,https://www.jimo.gov.cn/zwgk/fdzwgk/gzgq/shzr/202312/t20231222_7737270.shtml,government,官网优先；需在投递或启用监控前复核入口有效性
afe9454f243f,国华投资山东分公司/青岛海上风电线索,P2,false,1,https://www.ceic.com/,official_or_unknown,官网优先；需在投递或启用监控前复核入口有效性
d618dff82d35,青岛宏大纺织机械有限责任公司,P2,false,1,https://www.sinomach.com.cn/,official_or_unknown,官网优先；需在投递或启用监控前复核入口有效性
2d78a9369ecb,大唐山东发电有限公司,P2,false,1,https://www.china-cdt.com/,official_or_unknown,官网优先；需在投递或启用监控前复核入口有效性
3ebefedd44f6,齐鲁银行青岛分行,P2,false,1,https://www.qdjqt.com/jinrongjigou.html,official_or_unknown,官网优先；需在投递或启用监控前复核入口有效性
3ebefedd44f6,齐鲁银行青岛分行,P2,false,2,https://www.qlbchina.com/qlbchina/index.html,official_or_unknown,官网优先；需在投递或启用监控前复核入口有效性
994a9631f7ec,山东出版集团青岛业务/青岛岗位线索,P2,false,1,https://jnhrss.jinan.gov.cn/col/col18310/art/2026/art_fce8c394719247409babb291698518d8.html,government,官网优先；需在投递或启用监控前复核入口有效性
02e1b607668a,山东土地青岛科创中心,P2,false,1,https://www.sdtdfz.com/,official_or_unknown,官网优先；需在投递或启用监控前复核入口有效性
7b1cbf750a03,山东土地集团青岛西海岸新区公司,P3,false,1,https://www.sdtdfz.com/,official_or_unknown,官网优先；需在投递或启用监控前复核入口有效性
c2ff40e02002,青岛东正环保科技有限公司,P2,false,1,https://gzw.shandong.gov.cn/,government,官网优先；需在投递或启用监控前复核入口有效性
6fc2ca961b38,山东种业集团（青岛）现代农业有限公司,P2,false,1,https://gzw.shandong.gov.cn/,government,官网优先；需在投递或启用监控前复核入口有效性
2080afa51f45,恒丰银行青岛分行,P2,false,1,https://www.qdjqt.com/jinrongjigou.html,official_or_unknown,官网优先；需在投递或启用监控前复核入口有效性
2080afa51f45,恒丰银行青岛分行,P2,false,2,https://www.hfbank.com.cn/,official_or_unknown,官网优先；需在投递或启用监控前复核入口有效性
c49a7638b2d3,青岛基金/项目线索待核,P2,false,1,https://gzw.shandong.gov.cn/,government,官网优先；需在投递或启用监控前复核入口有效性
314da846209a,青岛分公司线索,P2,false,1,https://gzw.shandong.gov.cn/,government,官网优先；需在投递或启用监控前复核入口有效性
95b5cf58528f,山东山科智慧私募基金管理有限公司,P2,false,1,https://gzw.shandong.gov.cn/,government,官网优先；需在投递或启用监控前复核入口有效性
471cb416595f,青岛西海岸新区战略新兴产业培育孵化基地,P2,false,1,https://gzw.shandong.gov.cn/,government,官网优先；需在投递或启用监控前复核入口有效性
7a3fd0ae11d2,山钢国贸青岛物流有限公司,P2,false,1,https://www.shansteelgroup.com/,official_or_unknown,官网优先；需在投递或启用监控前复核入口有效性
9f00f8453676,山钢青岛经贸有限公司,P3,false,1,https://www.shansteelgroup.com/,official_or_unknown,官网优先；需在投递或启用监控前复核入口有效性
9a3dc2c70970,山东黄金矿业（青岛）有限公司/莱西平度矿业主体,P2,false,1,https://www.sd-gold.com/,official_or_unknown,官网优先；需在投递或启用监控前复核入口有效性
6acc437957c5,山东黄金集团青岛黄金有限公司,P3,false,1,https://www.sd-gold.com/,official_or_unknown,官网优先；需在投递或启用监控前复核入口有效性
078ba3b5f07a,平度市城市开发集团有限公司,P2,false,1,https://fenbi.com/page/fenxiaozhaokaodetail/4/0/465104203697152,official_or_unknown,官网优先；需在投递或启用监控前复核入口有效性
35036df2d8b1,青岛平度控股集团有限公司,P2,false,1,https://www.gaoxiaojob.com/company/detail/27780.html,official_recruitment,官网优先；需在投递或启用监控前复核入口有效性
bee936b4360e,青岛市水利勘测设计研究院相关线索,P2,false,1,https://www.shuifa.cn/,official_or_unknown,官网优先；需在投递或启用监控前复核入口有效性
fe7d1c52c13c,水发浩海青岛相关主体,P3,false,1,https://www.shuifa.cn/,official_or_unknown,官网优先；需在投递或启用监控前复核入口有效性
4d89c08f21df,青岛水发环保资源有限公司,P3,false,1,https://www.shuifa.cn/,official_or_unknown,官网优先；需在投递或启用监控前复核入口有效性
362dce5da9b0,莱西市国有资产投资服务中心,P2,false,1,https://www.gaoxiaojob.com/announcement/detail/29506.html,official_recruitment,官网优先；需在投递或启用监控前复核入口有效性
f215b962797d,莱西市财通投资发展有限公司/莱西财通线索,P2,false,1,https://www.gaoxiaojob.com/announcement/detail/29506.html,official_recruitment,官网优先；需在投递或启用监控前复核入口有效性
ff83177e6770,青岛东方影都产业控股集团有限公司,P2,false,1,https://www.sdxc.gov.cn/fzgg/whxm/202402/t20240202_13616646.htm,government,官网优先；需在投递或启用监控前复核入口有效性
ff83177e6770,青岛东方影都产业控股集团有限公司,P2,false,2,https://qzpta39.chinasyks.org.cn/cn_xha/xha.html,official_or_unknown,官网优先；需在投递或启用监控前复核入口有效性
5a4f95068e02,青岛军民融合发展集团有限公司,P2,false,1,https://www.qdrfgroup.com/about.html,official_or_unknown,官网优先；需在投递或启用监控前复核入口有效性
5a4f95068e02,青岛军民融合发展集团有限公司,P2,false,2,https://qzpta39.chinasyks.org.cn/cn_xha/xha.html,official_or_unknown,官网优先；需在投递或启用监控前复核入口有效性
fce5a447409e,青岛动车小镇投资集团有限公司,P2,false,1,https://file.finance.sina.com.cn/211.154.219.97%3A9494/MRGG/BOND/2024/2024-6/2024-06-27/20504137.PDF,official_or_unknown,官网优先；需在投递或启用监控前复核入口有效性
24a01ad085bf,青岛北岸控股集团有限责任公司,P2,false,1,https://www.aiqicha.com/company_detail_41413532929052?tab=dataAnalysis,official_or_unknown,官网优先；需在投递或启用监控前复核入口有效性
5be1ae067ad8,青岛顺安热电有限公司,P2,false,1,https://pdf.dfcfw.com/pdf/H2_AN202312081613647545_1.pdf,official_or_unknown,官网优先；需在投递或启用监控前复核入口有效性
9d2f08007c41,通号青铁低空交通（青岛）科技有限公司,P2,false,1,https://static.nfnews.com/content/202412/28/c10384233.html?enterColumnId=27522,official_or_unknown,官网优先；需在投递或启用监控前复核入口有效性
3aa88c85e6e1,青岛地空产融发展有限公司,P2,false,1,https://news.iqilu.com/shandong/shandonggedi/20250623/5824867.shtml,official_or_unknown,官网优先；需在投递或启用监控前复核入口有效性
e0b6a5992b05,青岛青铁低空产业发展有限公司,P2,false,1,https://news.iqilu.com/shandong/shandonggedi/20250623/5824867.shtml,official_or_unknown,官网优先；需在投递或启用监控前复核入口有效性
91e5eba172f6,青岛城阳市政开发建设投资集团有限公司,P2,false,1,https://pdf.dfcfw.com/pdf/H2_AN202312081613647545_1.pdf,official_or_unknown,官网优先；需在投递或启用监控前复核入口有效性
91e5eba172f6,青岛城阳市政开发建设投资集团有限公司,P2,false,2,https://campus.51job.com/2022qdcycf,commercial_platform,官网优先；需在投递或启用监控前复核入口有效性
e5f830dde8bd,青岛崂山旅游集团有限公司,P2,false,1,https://cj.sina.cn/articles/view/1893761531/70e081fb02002zhhi?froms=ggmp,official_or_unknown,官网优先；需在投递或启用监控前复核入口有效性
e5f830dde8bd,青岛崂山旅游集团有限公司,P2,false,2,https://news.qq.com/rain/a/20250906A01U7700,official_or_unknown,官网优先；需在投递或启用监控前复核入口有效性
a32bd094a7de,青岛市北城市发展集团有限公司,P2,false,1,https://www.qcc.com/firm/942f9f16efa052598483391394d85cc7.html,official_or_unknown,官网优先；需在投递或启用监控前复核入口有效性
d2721df3750c,青岛市北建设投资集团有限公司,P2,false,1,https://www.gaoxiaojob.com/company/detail/9867.html,official_recruitment,官网优先；需在投递或启用监控前复核入口有效性
442794681c44,青岛市政空间开发集团有限责任公司,P2,false,1,https://www.gsxt.gov.cn/,government,官网优先；需在投递或启用监控前复核入口有效性
19b736641b7e,青岛红建投资控股集团有限公司,P2,false,1,https://static.sse.com.cn/bond/bridge2/disclosure/announcement/c/202306/025883_20230616_XVO7.pdf,official_or_unknown,官网优先；需在投递或启用监控前复核入口有效性
19b736641b7e,青岛红建投资控股集团有限公司,P2,false,2,https://vote1.qingdaonews.com/branch/news/202207/2022city/pcDetail.php?uid=1047,official_or_unknown,官网优先；需在投递或启用监控前复核入口有效性
29f85c5eaa71,青岛红建北部城区开发有限公司,P3,false,1,https://vote1.qingdaonews.com/branch/news/202207/2022city/pcDetail.php?uid=1047,official_or_unknown,官网优先；需在投递或启用监控前复核入口有效性
4f3e6ad9c837,青岛红建物业有限公司,P3,false,1,https://vote1.qingdaonews.com/branch/news/202207/2022city/pcDetail.php?uid=1047,official_or_unknown,官网优先；需在投递或启用监控前复核入口有效性
6b93e2480c7c,青岛红星化工集团有限责任公司,P2,false,1,https://www.gsxt.gov.cn/,government,官网优先；需在投递或启用监控前复核入口有效性
7a0346379568,青岛红蝶新材料有限公司,P2,false,1,https://www.bianzhia.com/zt/gqqingdao/index_2.html,official_or_unknown,官网优先；需在投递或启用监控前复核入口有效性
8e93a7c90fa0,青岛融汇财富投资控股集团有限公司,P2,false,1,https://www.qixin.com/company/63f01b1c-e3e7-49db-9582-6725e0b26740,official_or_unknown,官网优先；需在投递或启用监控前复核入口有效性
8e93a7c90fa0,青岛融汇财富投资控股集团有限公司,P2,false,2,https://m.liepin.com/company/13032133/,commercial_platform,官网优先；需在投递或启用监控前复核入口有效性
1d386bb0d3a2,青岛融海国有资本投资运营有限公司,P2,false,1,https://www.cls.cn/detail/1388433,official_or_unknown,官网优先；需在投递或启用监控前复核入口有效性
9ee1610611e3,青岛融海投资控股有限公司,P3,false,1,https://www.cls.cn/detail/1388433,official_or_unknown,官网优先；需在投递或启用监控前复核入口有效性
a20a9e0af0a9,青岛西海岸交通投资集团有限公司,P2,false,1,https://www.qdxjtgroup.com/,official_or_unknown,官网优先；需在投递或启用监控前复核入口有效性
a20a9e0af0a9,青岛西海岸交通投资集团有限公司,P2,false,2,https://www.gaoxiaojob.com/announcement/detail/209627.html,official_recruitment,官网优先；需在投递或启用监控前复核入口有效性
53e1cd122953,青岛普惠联合投资有限公司,P2,false,1,https://finance.qingdaonews.com/wap/2026-06/16/content_23740269.htm,official_or_unknown,官网优先；需在投递或启用监控前复核入口有效性
86f43c07a25a,青岛青融普惠投资发展合伙企业（有限合伙）,P2,false,1,https://www.dailyqd.com/guanhai/457611_1.html,official_or_unknown,官网优先；需在投递或启用监控前复核入口有效性
c32cae23391a,青岛市农业融资担保有限责任公司,P1,true,1,https://www.bianzhia.com/zt/gqqingdao/index_3.html,official_or_unknown,官网优先；需在投递或启用监控前复核入口有效性
763f97696562,青岛高新实业集团有限公司,P2,false,1,https://www.qdgsjt.com/about/,official_or_unknown,官网优先；需在投递或启用监控前复核入口有效性
763f97696562,青岛高新实业集团有限公司,P2,false,2,https://m.liepin.com/company/7989954/,commercial_platform,官网优先；需在投递或启用监控前复核入口有效性
736a0e3b946c,中华联合财产保险股份有限公司青岛分公司,P3,false,1,https://www.coamc.com.cn/jgwl/qd/201403/t20140307_48409.htm,official_or_unknown,官网优先；需在投递或启用监控前复核入口有效性
736a0e3b946c,中华联合财产保险股份有限公司青岛分公司,P3,false,2,https://e.cic.cn/,official_or_unknown,官网优先；需在投递或启用监控前复核入口有效性
82451c750cb4,中化国际（青岛）有限公司,P3,false,1,https://www.sinochem.com/,official_or_unknown,官网优先；需在投递或启用监控前复核入口有效性
30c0f5cc4f2a,中化学交通建设集团有限公司,P3,false,1,https://www.cncec.com.cn/,official_or_unknown,官网优先；需在投递或启用监控前复核入口有效性
af2831f876f4,中化石油（青岛）有限公司,P3,false,1,https://www.sinochem.com/,official_or_unknown,官网优先；需在投递或启用监控前复核入口有效性
ea055f31cc94,中国金茂青岛公司/项目,P3,false,1,https://www.sinochem.com/,official_or_unknown,官网优先；需在投递或启用监控前复核入口有效性
5dbaf55707b9,中国人寿保险股份有限公司青岛市分公司,P3,false,1,https://chinalife.zhiye.com/custom/intern?ClassificationTwo=1234&hideMenu=1,official_or_unknown,官网优先；需在投递或启用监控前复核入口有效性
5dbaf55707b9,中国人寿保险股份有限公司青岛市分公司,P3,false,2,https://chinalife.zhiye.com/,official_or_unknown,官网优先；需在投递或启用监控前复核入口有效性
91125d46e90e,中国信达资产管理股份有限公司山东省分公司,P3,false,1,https://www.cinda.com.cn/,official_or_unknown,官网优先；需在投递或启用监控前复核入口有效性
91125d46e90e,中国信达资产管理股份有限公司山东省分公司,P3,false,2,https://www.cinda.com.cn/home/wap/cn/xdjt/xdjtpd/rczp/20221014/237686.shtml,official_or_unknown,官网优先；需在投递或启用监控前复核入口有效性
fc7e88ef3e58,中广核新能源山东/青岛项目线索,P3,false,1,https://www.cgnpc.com.cn/,official_or_unknown,官网优先；需在投递或启用监控前复核入口有效性
3988295c1a2d,中国国旅青岛旅行社/中旅投资青岛项目,P3,false,1,https://www.ctg.cn/,official_or_unknown,官网优先；需在投递或启用监控前复核入口有效性
92cd36f1f1c2,中国长城资产管理股份有限公司山东省分公司/青岛业务待核,P3,false,1,https://www.china-agrore.com/data/admin/file/2021-11-26/61a095b4b8e4d.pdf,official_or_unknown,官网优先；需在投递或启用监控前复核入口有效性
92cd36f1f1c2,中国长城资产管理股份有限公司山东省分公司/青岛业务待核,P3,false,2,https://gwamcc.zhiye.com/,official_or_unknown,官网优先；需在投递或启用监控前复核入口有效性
88825561ba17,山东/青岛新能源项目线索,P3,false,1,https://www.ctg.com.cn/,official_or_unknown,官网优先；需在投递或启用监控前复核入口有效性
6577d9477187,中金珠宝（青岛）有限公司,P3,false,1,https://www.chinagoldgroup.com/,official_or_unknown,官网优先；需在投递或启用监控前复核入口有效性
db0618271728,中泰证券青岛分公司,P3,false,1,https://www.zts.com.cn/,official_or_unknown,官网优先；需在投递或启用监控前复核入口有效性
dba9a8dd49c6,中泰证券股份有限公司青岛分公司/营业部,P4,false,1,https://www.zts.com.cn/,official_or_unknown,官网优先；需在投递或启用监控前复核入口有效性
dba9a8dd49c6,中泰证券股份有限公司青岛分公司/营业部,P4,false,2,https://www.csrc.gov.cn/qingdao/c104024/c7635812/content.shtml,government,官网优先；需在投递或启用监控前复核入口有效性
af35b310ec3c,中泰证券青岛营业部群,P4,false,1,https://www.zts.com.cn/,official_or_unknown,官网优先；需在投递或启用监控前复核入口有效性
e82bd0e37be0,中盐青岛盐业有限公司,P3,false,1,https://www.chinasalt.com.cn/,official_or_unknown,官网优先；需在投递或启用监控前复核入口有效性
7ec8b7c811c5,保利发展青岛公司/项目,P3,false,1,https://www.polycn.com/,official_or_unknown,官网优先；需在投递或启用监控前复核入口有效性
833b82ffdfd2,华侨城青岛文旅项目,P3,false,1,https://www.chinaoct.com/,official_or_unknown,官网优先；需在投递或启用监控前复核入口有效性
06ea0d4685ab,山东产权交易集团青岛分公司,P3,false,1,https://www.sdcqjy.com/,official_or_unknown,官网优先；需在投递或启用监控前复核入口有效性
a83d24ce2a80,青岛华鲁利华置业有限公司,P3,false,1,https://hualuholdings.com/,official_or_unknown,官网优先；需在投递或启用监控前复核入口有效性
77e47fa62e3d,青岛西海岸文旅/康养项目线索,P3,false,1,https://gzw.shandong.gov.cn/,government,官网优先；需在投递或启用监控前复核入口有效性
57b03fd653a1,山东健康集团青岛/医养健康业务线索,P4,false,1,https://www.iguopin.com/company?id=10685401944919514,public_platform,官网优先；需在投递或启用监控前复核入口有效性
57b03fd653a1,山东健康集团青岛/医养健康业务线索,P4,false,2,https://www.yunzhirencai.com/wap/index.php?a=show&c=article&id=9810,official_or_unknown,官网优先；需在投递或启用监控前复核入口有效性
27fa58839832,青岛国际高尔夫俱乐部等主体线索,P3,false,1,https://www.sdwenlv.com/,official_or_unknown,官网优先；需在投递或启用监控前复核入口有效性
9ba8fec36b37,泰山财产保险股份有限公司青岛分公司,P3,false,1,https://www.taishanpic.com.cn/,official_or_unknown,官网优先；需在投递或启用监控前复核入口有效性
9ba8fec36b37,泰山财产保险股份有限公司青岛分公司,P3,false,2,https://www.nfra.gov.cn/chinese/docfile/2025/5a38f43d0477432db2fad21d0324c0ec.doc,government,官网优先；需在投递或启用监控前复核入口有效性
effb13f96082,暂无明确青岛子公司,P3,false,1,https://gzw.shandong.gov.cn/,government,官网优先；需在投递或启用监控前复核入口有效性
afd21bf144e8,泰山保险青岛分公司,P3,false,1,https://www.taishanpic.com.cn/,official_or_unknown,官网优先；需在投递或启用监控前复核入口有效性
e4b15144c796,青岛航天半导体研究所线索,P3,false,1,https://www.casic.com.cn/,official_or_unknown,官网优先；需在投递或启用监控前复核入口有效性
0fead4e87cf3,青岛东鼎产业发展集团有限公司,P3,false,1,https://www.gsxt.gov.cn/,government,官网优先；需在投递或启用监控前复核入口有效性
78e9bf06f1d9,青岛城市发展集团有限公司,P3,false,1,https://www.gsxt.gov.cn/,government,官网优先；需在投递或启用监控前复核入口有效性
e4ef9b960257,万丰飞机工业有限公司,P3,false,1,https://finance.qingdaonews.com/wap/2026-05/26/content_23736392.htm,official_or_unknown,官网优先；需在投递或启用监控前复核入口有效性
144391cd8e90,青岛市政府投资引导基金相关管理机构,P3,false,1,https://www.qdjqt.com/jinrongjigou.html,official_or_unknown,官网优先；需在投递或启用监控前复核入口有效性
f6c17e42225c,青岛旅游集团有限公司,P3,false,1,https://www.gsxt.gov.cn/,government,官网优先；需在投递或启用监控前复核入口有效性
d9dc9242503a,青岛海洋文旅产业集团有限公司,P1,true,1,https://www.bianzhia.com/zt/gqqingdao/index_2.html,official_or_unknown,官网优先；需在投递或启用监控前复核入口有效性
6e6274875faa,青岛市固体废弃物处置有限责任公司,P3,false,1,https://www.sohu.com/a/1032400521_558640,official_or_unknown,官网优先；需在投递或启用监控前复核入口有效性
83d8bdaa640f,青岛源水投资发展集团有限公司,P3,false,1,https://news.iqilu.com/shandong/shandonggedi/20250523/5814514.shtml,official_or_unknown,官网优先；需在投递或启用监控前复核入口有效性
82d821bbaad3,青岛西海岸旅游投资集团有限公司,P3,false,1,https://qzpta39.chinasyks.org.cn/cn_xha/xha.html,official_or_unknown,官网优先；需在投递或启用监控前复核入口有效性
82d821bbaad3,青岛西海岸旅游投资集团有限公司,P3,false,2,https://m.dzplus.dzng.com/share/general/0/NEWS2322980UYBBVZMETQHBY,official_or_unknown,官网优先；需在投递或启用监控前复核入口有效性
2e906c2ff21e,崂山矿泉水/华东葡萄酒等主体,P3,false,1,https://www.gsxt.gov.cn/,government,官网优先；需在投递或启用监控前复核入口有效性
8768c6137a89,青岛饮料集团有限公司,P3,false,1,https://www.gsxt.gov.cn/,government,官网优先；需在投递或启用监控前复核入口有效性
b20b069b9efb,山东省房地产开发集团青岛公司,P3,false,1,https://gzw.shandong.gov.cn/,government,官网优先；需在投递或启用监控前复核入口有效性
9b26574a7116,鲁商供应链青岛公司,P3,false,1,https://www.lushang.com.cn/,official_or_unknown,官网优先；需在投递或启用监控前复核入口有效性
e0dd69cf6821,国泰海通证券股份有限公司青岛南京路证券营业部,P4,false,1,https://qd.bendibao.com/wangdian/dian/52928.shtm,official_or_unknown,官网优先；需在投递或启用监控前复核入口有效性
e0dd69cf6821,国泰海通证券股份有限公司青岛南京路证券营业部,P4,false,2,https://www.gtht.com/,official_or_unknown,官网优先；需在投递或启用监控前复核入口有效性
e5d4423ab703,中信建投证券股份有限公司青岛分公司/营业部,P4,false,1,https://www.csc108.com/,official_or_unknown,官网优先；需在投递或启用监控前复核入口有效性
e5d4423ab703,中信建投证券股份有限公司青岛分公司/营业部,P4,false,2,https://www.csrc.gov.cn/qingdao/c104024/c7635812/content.shtml,government,官网优先；需在投递或启用监控前复核入口有效性
5aefa330fd0e,国开金融/国银金融租赁青岛业务线索,P4,false,1,https://cdb2026.zhaopin.com/index.html,commercial_platform,官网优先；需在投递或启用监控前复核入口有效性
d37e1ef8f1ab,青岛市对外经济贸易财务服务公司,P3,false,1,https://www.bianzhia.com/zt/gqqingdao/,official_or_unknown,官网优先；需在投递或启用监控前复核入口有效性
e4ea20b90284,青岛领航汇信投资运营集团有限公司,P1,true,1,https://www.bianzhia.com/zt/gqqingdao/index_2.html,official_or_unknown,官网优先；需在投递或启用监控前复核入口有效性
611e4f2c4fc4,青岛国实科技集团有限公司,P0,true,1,https://www.bianzhia.com/zt/gqqingdao/index_3.html,official_or_unknown,官网优先；需在投递或启用监控前复核入口有效性
ed09b7c05827,青岛海明城市发展有限公司,P1,true,1,https://www.bianzhia.com/zt/gqqingdao/index_3.html,official_or_unknown,官网优先；需在投递或启用监控前复核入口有效性
fd887b545064,青岛青春能量文化体育发展有限公司,P3,false,1,https://www.bianzhia.com/zt/gqqingdao/index_3.html,official_or_unknown,官网优先；需在投递或启用监控前复核入口有效性
2811dcb46909,青岛东风盐业发展有限公司,P2,false,1,https://www.qdgsjt.com/about/,official_or_unknown,官网优先；需在投递或启用监控前复核入口有效性
852b8230830f,青岛海玉制盐有限公司,P2,false,1,https://www.qdgsjt.com/about/,official_or_unknown,官网优先；需在投递或启用监控前复核入口有效性
9c2380ac4c05,青岛高新电力发展有限公司,P1,true,1,https://www.qdgsjt.com/about/,official_or_unknown,官网优先；需在投递或启用监控前复核入口有效性
c43d34d4cd2e,青岛高实置业有限公司,P2,false,1,https://www.qdgsjt.com/about/,official_or_unknown,官网优先；需在投递或启用监控前复核入口有效性
5a8d0fb356e5,青岛高实油气有限公司,P2,false,1,https://www.qdgsjt.com/about/,official_or_unknown,官网优先；需在投递或启用监控前复核入口有效性
20b1caa71550,青岛高新能源有限公司,P1,true,1,https://www.qdgsjt.com/about/,official_or_unknown,官网优先；需在投递或启用监控前复核入口有效性
dbad38d4e8ca,青岛高新运营管理有限公司,P1,true,1,https://www.qdgsjt.com/about/,official_or_unknown,官网优先；需在投递或启用监控前复核入口有效性
48f9a5ad2521,青岛高新创业投资有限公司,P1,true,1,https://www.qdgsjt.com/about/,official_or_unknown,官网优先；需在投递或启用监控前复核入口有效性
cda6cf1547c8,青岛高新商务服务有限公司,P2,false,1,https://www.qdgsjt.com/about/,official_or_unknown,官网优先；需在投递或启用监控前复核入口有效性
dc17ee1ae589,青岛红发投资有限公司,P2,false,1,https://www.qdgsjt.com/about/,official_or_unknown,官网优先；需在投递或启用监控前复核入口有效性
00b666df84cd,中以青岛国际客厅发展有限公司,P1,true,1,https://www.qdgsjt.com/about/,official_or_unknown,官网优先；需在投递或启用监控前复核入口有效性
8910c72a15c7,青岛高新配售电有限公司,P1,true,1,https://www.qdgsjt.com/about/,official_or_unknown,官网优先；需在投递或启用监控前复核入口有效性
fcf70891f476,青岛盐业专营有限公司,P3,false,1,https://www.qdgsjt.com/about/,official_or_unknown,官网优先；需在投递或启用监控前复核入口有效性
18a0e5c36742,青岛盐海盐业有限公司,P3,false,1,https://www.qdgsjt.com/about/,official_or_unknown,官网优先；需在投递或启用监控前复核入口有效性
86103b07dc43,青岛高新城市建设发展有限公司,P1,true,1,https://www.qdgsjt.com/about/,official_or_unknown,官网优先；需在投递或启用监控前复核入口有效性
fdbc855a7d51,青岛高新城维实业有限公司,P1,true,1,https://www.qdgsjt.com/about/,official_or_unknown,官网优先；需在投递或启用监控前复核入口有效性
3181674e7a27,青岛高新区环湾商砼有限公司,P3,false,1,https://www.qdgsjt.com/about/,official_or_unknown,官网优先；需在投递或启用监控前复核入口有效性
51aa8ebaca5f,青岛高新海润水务有限公司,P1,true,1,https://www.qdgsjt.com/about/,official_or_unknown,官网优先；需在投递或启用监控前复核入口有效性
c7d8463c9be7,青岛高实生态保护有限公司,P2,false,1,https://www.qdgsjt.com/about/,official_or_unknown,官网优先；需在投递或启用监控前复核入口有效性
6836339520be,青岛海玉建设工程有限公司,P3,false,1,https://www.qdgsjt.com/about/,official_or_unknown,官网优先；需在投递或启用监控前复核入口有效性
211d89308942,青岛高实泰能加油加气有限公司,P3,false,1,https://www.qdgsjt.com/about/,official_or_unknown,官网优先；需在投递或启用监控前复核入口有效性
625e0b2103f9,青岛红岛红酒业公司,P4,false,1,https://www.qdgsjt.com/about/,official_or_unknown,官网优先；需在投递或启用监控前复核入口有效性
38faa23c5c9c,青岛高实中版投资有限公司,P2,false,1,https://www.qdgsjt.com/about/,official_or_unknown,官网优先；需在投递或启用监控前复核入口有效性
fb5fcb3dc887,青岛宾至嘉宁高实物业管理有限公司,P3,false,1,https://www.qdgsjt.com/about/,official_or_unknown,官网优先；需在投递或启用监控前复核入口有效性
25550d6c0214,青岛高实物业服务有限公司,P3,false,1,https://www.qdgsjt.com/about/,official_or_unknown,官网优先；需在投递或启用监控前复核入口有效性
db48c38380ae,青岛高实建设工程有限公司,P3,false,1,https://www.qdgsjt.com/about/,official_or_unknown,官网优先；需在投递或启用监控前复核入口有效性
abdf5173d3ac,青岛高新置业有限公司,P3,false,1,https://www.qdgsjt.com/about/,official_or_unknown,官网优先；需在投递或启用监控前复核入口有效性
0e7f280bce30,青岛高新高科清洁能源有限公司,P1,true,1,https://www.qdgsjt.com/about/,official_or_unknown,官网优先；需在投递或启用监控前复核入口有效性
3100faf1bc28,青岛汇能建科城市建设工程有限公司,P3,false,1,https://www.qdgsjt.com/about/,official_or_unknown,官网优先；需在投递或启用监控前复核入口有效性
9c1121307072,青岛高实杰邵会展有限公司,P3,false,1,https://www.qdgsjt.com/about/,official_or_unknown,官网优先；需在投递或启用监控前复核入口有效性
7acfc5f90205,青岛高实燧石体育文化有限公司,P3,false,1,https://www.qdgsjt.com/about/,official_or_unknown,官网优先；需在投递或启用监控前复核入口有效性
9e42efc0608b,青岛高新水务工程有限公司,P2,false,1,https://www.qdgsjt.com/about/,official_or_unknown,官网优先；需在投递或启用监控前复核入口有效性
55eef1f3ebc1,青岛高新供应链科技有限公司,P1,true,1,https://www.qdgsjt.com/about/,official_or_unknown,官网优先；需在投递或启用监控前复核入口有效性
52afc7ef6d27,上海酷民数字科技有限公司,P2,false,1,https://www.qdgsjt.com/about/,official_or_unknown,官网优先；需在投递或启用监控前复核入口有效性
ac7555b5e5d3,康湾健康产业有限公司,P2,false,1,https://www.qdgsjt.com/about/,official_or_unknown,官网优先；需在投递或启用监控前复核入口有效性
34ad8d38b93b,康湾(山东)健康产业有限公司,P2,false,1,https://www.qdgsjt.com/about/,official_or_unknown,官网优先；需在投递或启用监控前复核入口有效性
5aaba1bbb6cc,深圳博余汽车服务有限公司,P3,false,1,https://www.qdgsjt.com/about/,official_or_unknown,官网优先；需在投递或启用监控前复核入口有效性
3df84dc65859,青岛高实园区运营管理有限公司,P1,true,1,https://www.qdgsjt.com/about/,official_or_unknown,官网优先；需在投递或启用监控前复核入口有效性
a3e237f9c0fc,青岛中鼎无忧贸易有限公司,P3,false,1,https://www.qdgsjt.com/about/,official_or_unknown,官网优先；需在投递或启用监控前复核入口有效性
d6e5d8798a13,青岛高新智能科技有限公司,P0,true,1,https://www.qdgsjt.com/about/,official_or_unknown,官网优先；需在投递或启用监控前复核入口有效性
cb68c3a01bed,青岛高实新韵置业有限公司,P3,false,1,https://www.qdgsjt.com/about/,official_or_unknown,官网优先；需在投递或启用监控前复核入口有效性
109668c30877,青岛上合临空控股发展集团有限公司,P1,true,1,https://www.bianzhia.com/zt/gqqingdao/index_2.html,official_or_unknown,官网优先；需在投递或启用监控前复核入口有效性
86dc9ada1e8b,青岛上合产投控股集团有限公司,P1,true,1,https://www.bianzhia.com/zt/gqqingdao/index_2.html,official_or_unknown,官网优先；需在投递或启用监控前复核入口有效性
cecc4955e9f0,青岛上合城乡融合发展集团有限公司,P2,false,1,https://www.bianzhia.com/zt/gqqingdao/index_2.html,official_or_unknown,官网优先；需在投递或启用监控前复核入口有效性
8a0315a51bec,青岛上合城市更新集团有限公司,P2,false,1,https://www.bianzhia.com/zt/gqqingdao/index_2.html,official_or_unknown,官网优先；需在投递或启用监控前复核入口有效性
4118eb5e9590,青岛上合国际贸易有限公司,P2,false,1,https://www.bianzhia.com/zt/gqqingdao/index_2.html,official_or_unknown,官网优先；需在投递或启用监控前复核入口有效性
628a94dcf9ca,青岛上合文旅产业有限公司,P3,false,1,https://www.bianzhia.com/zt/gqqingdao/index_2.html,official_or_unknown,官网优先；需在投递或启用监控前复核入口有效性
9085277685e3,青岛胶州人才集团,P1,true,1,https://www.bianzhia.com/zt/gqqingdao/index_2.html,official_or_unknown,官网优先；需在投递或启用监控前复核入口有效性
e6bd6b701ca4,中智青岛经济技术合作有限公司,P1,true,1,https://hrss.qingdao.gov.cn/ztzl_47/jycy_zc/ggjyfwzxn_47/202605/t20260529_10751273.shtml,government,官网优先；需在投递或启用监控前复核入口有效性
cbcbab34b933,北京外企人力资源服务青岛有限公司,P1,true,1,https://www.bianzhia.com/zt/gqqingdao/index_2.html,official_or_unknown,官网优先；需在投递或启用监控前复核入口有效性
9a5550f00aab,上汽通用五菱汽车股份有限公司青岛分公司,P1,true,1,https://saic-recruit.saicmotor.com/,official_recruitment,官网优先；需在投递或启用监控前复核入口有效性
b52179f455ae,中建八局第四建设有限公司,P1,true,1,https://job.cscec8b.com.cn/84,official_recruitment,官网优先；需在投递或启用监控前复核入口有效性
b52179f455ae,中建八局第四建设有限公司,P1,true,2,https://m.fenbi.com/page/fenxiaozhaokaodetail/4/0/464695351068672,official_or_unknown,官网优先；需在投递或启用监控前复核入口有效性
a440d8c17001,山东信莱物业管理有限公司,P3,false,1,https://www.bianzhia.com/zt/gqqingdao/index_2.html,official_or_unknown,官网优先；需在投递或启用监控前复核入口有效性
3793b7e16a88,山东高速青岛投资有限公司,P1,true,1,https://www.sdhsg.com/article/621,official_or_unknown,官网优先；需在投递或启用监控前复核入口有效性
3793b7e16a88,山东高速青岛投资有限公司,P1,true,2,https://fenbi.com/page/fenxiaozhaokaodetail/4/0/463451100826624,official_or_unknown,官网优先；需在投递或启用监控前复核入口有效性
f26701aff977,青岛佳维万通经济发展有限公司,P2,false,1,https://www.sdhsg.com/article/621,official_or_unknown,官网优先；需在投递或启用监控前复核入口有效性
f26701aff977,青岛佳维万通经济发展有限公司,P2,false,2,https://fenbi.com/page/fenxiaozhaokaodetail/4/0/463451100826624,official_or_unknown,官网优先；需在投递或启用监控前复核入口有效性
547c26a0b14d,中国移动山东有限公司青岛高新分公司,P0,true,1,https://www.bianzhia.com/zt/gqqingdao/index_3.html,official_or_unknown,官网优先；需在投递或启用监控前复核入口有效性
93032bda45d8,山东省农业集团有限公司青岛岗位线索,P2,false,1,https://www.bianzhia.com/zt/gqqingdao/index_3.html,official_or_unknown,官网优先；需在投递或启用监控前复核入口有效性
278ec7f8fd16,株洲时代新材料科技股份有限公司青岛岗位线索,P1,true,1,https://www.crrcgc.cc/snxc,official_or_unknown,官网优先；需在投递或启用监控前复核入口有效性
278ec7f8fd16,株洲时代新材料科技股份有限公司青岛岗位线索,P1,true,2,https://www.bianzhia.com/zt/gqqingdao/index_3.html,official_or_unknown,官网优先；需在投递或启用监控前复核入口有效性
6461087cbdf8,青岛中车时代新能源材料科技有限公司,P1,true,1,https://www.crrcgc.cc/snxc,official_or_unknown,官网优先；需在投递或启用监控前复核入口有效性
6461087cbdf8,青岛中车时代新能源材料科技有限公司,P1,true,2,https://www.bianzhia.com/zt/gqqingdao/index_3.html,official_or_unknown,官网优先；需在投递或启用监控前复核入口有效性
e53cf0bfec19,青岛华丰伟业电力科技工程有限公司,P1,true,1,https://www.bianzhia.com/zt/gqqingdao/index_2.html,official_or_unknown,官网优先；需在投递或启用监控前复核入口有效性
